player_id,games_played,goals,assists,minutes_played,yellow_cards,red_cards,goals_per_game,minutes_per_game
3333,20,1,1,778,2,0,0.05,38.9
7161,23,2,3,1009,3,0,0.087,43.9
12282,31,0,0,2610,1,0,0.0,84.2
15452,8,0,1,502,1,0,0.0,62.8
15799,28,0,1,924,2,0,0.0,33.0
16136,12,0,1,852,1,0,0.0,71.0
16306,34,9,2,2589,9,0,0.265,76.1
17259,22,0,0,1860,0,0,0.0,84.5
27807,2,0,0,180,0,0,0.0,90.0
27992,34,2,3,2816,4,0,0.059,82.8
28396,11,0,0,236,1,0,0.0,21.5
30321,7,0,1,139,1,0,0.0,19.9
33571,12,0,0,491,2,0,0.0,40.9
35047,32,1,2,2533,0,0,0.031,79.2
38253,31,14,3,1656,2,0,0.452,53.4
40433,28,4,2,1300,3,0,0.143,46.4
40680,1,0,0,90,1,0,0.0,90.0
42205,33,0,0,2961,0,0,0.0,89.7
44058,8,0,0,720,0,0,0.0,90.0
45672,22,0,0,1980,2,0,0.0,90.0
46413,37,17,0,2953,3,0,0.459,79.8
46580,34,14,6,2223,2,0,0.412,65.4
48015,17,0,0,1441,1,0,0.0,84.8
49723,1,0,0,10,0,0,0.0,10.0
51471,6,0,1,126,0,0,0.0,21.0
53418,3,0,0,3,0,0,0.0,1.0
54906,6,0,0,246,0,0,0.0,41.0
55089,34,0,0,3060,3,0,0.0,90.0
55099,13,0,0,284,0,0,0.0,21.8
55735,30,4,2,1556,5,0,0.133,51.9
57071,23,0,0,2009,1,0,0.0,87.3
57500,17,0,1,1218,4,0,0.0,71.6
58864,30,10,6,2047,1,0,0.333,68.2
58995,12,0,0,521,2,0,0.0,43.4
59016,11,0,0,421,1,0,0.0,38.3
59323,21,5,0,396,4,0,0.238,18.9
59377,37,0,0,3330,0,0,0.0,90.0
59561,32,1,0,1390,3,0,0.031,43.4
60543,1,0,0,90,0,0,0.0,90.0
60561,31,0,0,2789,4,0,0.0,90.0
61651,32,1,3,1921,6,0,0.031,60.0
61812,32,0,7,2709,5,0,0.0,84.7
61841,22,0,2,1080,3,0,0.0,49.1
62351,6,0,0,255,1,0,0.0,42.5
63200,7,0,0,41,1,0,0.0,5.9
64793,13,1,1,217,1,0,0.077,16.7
65278,29,5,2,972,4,0,0.172,33.5
67063,37,13,1,2266,5,0,0.351,61.2
67556,23,0,1,445,2,0,0.0,19.3
68390,5,0,0,20,0,0,0.0,4.0
69633,31,3,10,2424,4,0,0.097,78.2
70580,1,0,0,9,0,0,0.0,9.0
71271,1,0,0,90,0,0,0.0,90.0
72047,32,5,3,1130,3,0,0.156,35.3
72476,38,0,0,3420,3,0,0.0,90.0
73517,5,0,0,450,1,0,0.0,90.0
73794,28,3,1,1096,0,0,0.107,39.1
74229,34,2,2,2220,6,0,0.059,65.3
74294,34,2,0,2348,9,0,0.059,69.1
74683,34,1,1,2670,6,0,0.029,78.5
74842,21,0,0,879,1,0,0.0,41.9
74857,2,0,0,180,0,0,0.0,90.0
74869,16,0,1,655,2,0,0.0,40.9
74960,35,0,0,3150,1,0,0.0,90.0
75489,28,1,0,1056,0,0,0.036,37.7
75921,29,0,3,1869,8,0,0.0,64.4
76163,15,1,2,516,1,0,0.067,34.4
76467,28,1,1,2021,6,0,0.036,72.2
80197,16,2,0,1038,2,0,0.125,64.9
80293,29,1,0,2427,8,0,0.034,83.7
80894,19,0,0,1594,1,0,0.0,83.9
81173,11,0,0,930,1,0,0.0,84.5
81512,30,3,0,2256,5,0,0.1,75.2
82350,18,2,2,1041,4,0,0.111,57.8
82442,30,7,1,1610,2,0,0.233,53.7
82873,30,1,4,2252,2,0,0.033,75.1
84085,11,0,0,660,2,0,0.0,60.0
84301,27,2,2,2334,9,0,0.074,86.4
84993,33,0,0,2970,3,0,0.0,90.0
85177,10,0,1,597,1,0,0.0,59.7
85288,8,1,1,228,0,0,0.125,28.5
85295,14,0,0,578,2,0,0.0,41.3
85370,20,0,0,533,3,0,0.0,26.6
85528,4,0,0,360,0,0,0.0,90.0
85906,34,2,3,2698,3,0,0.059,79.4
85941,3,0,0,270,0,0,0.0,90.0
86202,18,1,0,1491,0,0,0.056,82.8
86784,23,0,1,1546,0,0,0.0,67.2
88755,18,5,2,1169,1,0,0.278,64.9
90317,21,0,0,1890,2,0,0.0,90.0
91970,19,1,0,491,3,0,0.053,25.8
93604,23,2,2,1594,3,0,0.087,69.3
93707,24,0,3,1549,3,0,0.0,64.5
93740,33,2,0,2950,4,0,0.061,89.4
93844,17,0,1,610,5,0,0.0,35.9
93936,37,8,1,1727,3,0,0.216,46.7
94005,19,0,0,1219,3,0,0.0,64.2
94308,37,0,0,3330,0,0,0.0,90.0
94529,20,1,3,657,4,0,0.05,32.8
95424,36,0,2,3097,9,0,0.0,86.0
95810,21,0,1,1592,3,0,0.0,75.8
96254,2,0,0,124,0,0,0.0,62.0
96341,5,1,0,40,1,0,0.2,8.0
96533,25,3,1,938,0,0,0.12,37.5
99353,10,0,0,473,2,0,0.0,47.3
99397,22,0,0,1980,1,0,0.0,90.0
99523,6,0,0,540,0,0,0.0,90.0
99922,25,1,0,1978,3,0,0.04,79.1
100986,25,2,2,1910,3,0,0.08,76.4
102423,37,3,0,3330,4,0,0.081,90.0
105470,26,0,0,2340,1,0,0.0,90.0
105521,18,2,2,902,3,0,0.111,50.1
106270,15,1,1,269,1,0,0.067,17.9
106405,11,0,1,851,3,0,0.0,77.4
106872,29,1,1,1324,3,0,0.034,45.7
106987,26,1,2,1823,3,0,0.038,70.1
107219,1,0,0,7,0,0,0.0,7.0
107574,4,0,0,144,0,0,0.0,36.0
107775,30,0,0,2641,2,0,0.0,88.0
108390,32,0,0,2880,1,0,0.0,90.0
108725,15,3,0,907,0,0,0.2,60.5
110036,9,0,0,382,0,0,0.0,42.4
110864,12,0,0,1080,0,0,0.0,90.0
110923,9,0,0,765,0,0,0.0,85.0
111195,24,1,0,1050,5,0,0.042,43.8
111196,11,0,0,671,1,0,0.0,61.0
111455,34,1,6,2901,8,0,0.029,85.3
111508,15,0,1,524,5,0,0.0,34.9
111811,25,0,0,861,0,0,0.0,34.4
111873,32,0,1,2835,2,0,0.0,88.6
112515,32,1,0,2770,5,0,0.031,86.6
112822,1,0,0,90,0,0,0.0,90.0
113707,11,2,0,569,1,0,0.182,51.7
116088,32,5,4,1591,3,0,0.156,49.7
117478,29,1,5,1913,4,0,0.034,66.0
117674,25,1,4,1854,5,0,0.04,74.2
118287,10,0,0,219,0,0,0.0,21.9
118534,33,3,1,2590,1,0,0.091,78.5
118689,32,3,3,1903,1,0,0.094,59.5
118847,29,2,0,2346,9,0,0.069,80.9
118997,2,0,0,135,0,0,0.0,67.5
119277,19,1,1,1071,1,0,0.053,56.4
119296,9,3,0,623,3,0,0.333,69.2
120205,17,6,3,917,2,0,0.353,53.9
120629,20,0,1,1800,0,0,0.0,90.0
121483,30,0,0,2700,0,0,0.0,90.0
121985,24,0,0,1676,8,0,0.0,69.8
122153,6,0,0,115,0,0,0.0,19.2
122840,30,0,0,2340,3,0,0.0,78.0
123275,24,2,0,765,3,0,0.083,31.9
123682,32,7,1,1242,1,0,0.219,38.8
124410,32,5,2,2835,7,0,0.156,88.6
124419,33,0,0,2970,1,0,0.0,90.0
124502,32,3,5,2836,3,0,0.094,88.6
124555,14,0,0,511,0,0,0.0,36.5
124884,7,0,0,585,1,0,0.0,83.6
125714,24,0,0,2130,1,0,0.0,88.8
125781,34,7,4,1468,0,0,0.206,43.2
126414,22,9,4,1651,7,0,0.409,75.0
126557,10,0,0,809,2,0,0.0,80.9
126664,31,0,6,1852,3,0,0.0,59.7
126665,25,2,3,2102,1,0,0.08,84.1
126729,14,0,0,661,2,0,0.0,47.2
126737,8,1,0,171,0,0,0.125,21.4
126751,34,1,2,2231,11,0,0.029,65.6
127048,18,3,1,562,1,0,0.167,31.2
127108,36,2,1,3231,7,0,0.056,89.8
127160,19,0,0,960,0,0,0.0,50.5
127188,8,0,0,720,0,0,0.0,90.0
127189,10,0,0,593,3,0,0.0,59.3
127202,31,0,0,2667,2,0,0.0,86.0
127573,29,1,5,2073,4,0,0.034,71.5
128223,26,0,2,924,2,0,0.0,35.5
128969,36,0,0,3240,4,0,0.0,90.0
129444,6,0,0,293,0,0,0.0,48.8
129674,37,1,4,3173,8,0,0.027,85.8
130164,38,0,0,3420,4,0,0.0,90.0
131075,18,0,0,1379,3,0,0.0,76.6
131225,20,0,3,1310,4,0,0.0,65.5
131978,21,3,1,852,1,0,0.143,40.6
131996,12,1,0,639,1,0,0.083,53.2
132098,31,36,5,2382,1,0,1.161,76.8
133179,34,1,2,2704,6,0,0.029,79.5
133731,34,2,2,3060,2,0,0.059,90.0
134270,29,1,3,2199,9,0,0.034,75.8
135343,16,0,0,1091,1,0,0.0,68.2
135747,1,0,0,3,0,0,0.0,3.0
136111,22,0,0,1848,2,0,0.0,84.0
136401,3,0,0,270,0,0,0.0,90.0
136514,10,0,1,627,3,0,0.0,62.7
138055,33,0,0,2880,7,0,0.0,87.3
138927,17,0,1,976,0,0,0.0,57.4
139208,38,6,0,3420,4,0,0.158,90.0
139304,23,1,0,1934,3,0,0.043,84.1
139435,2,0,0,67,0,0,0.0,33.5
142021,38,1,5,2689,3,0,0.026,70.8
142031,30,2,2,2245,5,0,0.067,74.8
143812,19,0,2,733,1,0,0.0,38.6
143891,2,0,0,27,0,0,0.0,13.5
144028,31,6,6,2008,2,0,0.194,64.8
144128,22,0,0,1980,1,0,0.0,90.0
146310,8,0,1,170,1,0,0.0,21.2
147051,31,0,0,2790,0,0,0.0,90.0
148153,33,1,0,2837,10,0,0.03,86.0
148252,29,1,2,2217,5,0,0.034,76.4
148367,7,0,0,101,0,0,0.0,14.4
148372,4,0,0,180,0,0,0.0,45.0
148455,27,7,7,2150,1,0,0.259,79.6
149525,35,2,0,3075,10,0,0.057,87.9
153084,31,5,4,1954,4,0,0.161,63.0
154147,30,2,1,2591,1,0,0.067,86.4
155025,4,0,0,298,0,0,0.0,74.5
156618,22,0,0,1692,1,0,0.0,76.9
156990,30,1,0,2549,9,0,0.033,85.0
157507,24,0,0,1117,3,0,0.0,46.5
157635,15,1,0,321,4,0,0.067,21.4
157672,34,1,9,3018,4,0,0.029,88.8
159088,32,2,0,2547,4,0,0.062,79.6
159471,21,8,6,1228,1,0,0.381,58.5
160241,8,0,0,58,0,0,0.0,7.2
160929,34,0,0,3060,2,0,0.0,90.0
160938,34,4,1,2323,3,0,0.118,68.3
160963,10,0,0,877,2,0,0.0,87.7
160986,27,0,2,2197,4,0,0.0,81.4
161011,18,3,1,468,1,0,0.167,26.0
161056,29,2,8,2282,4,0,0.069,78.7
161057,4,0,0,329,0,0,0.0,82.2
161869,32,3,4,2147,1,0,0.094,67.1
162434,14,0,0,701,4,0,0.0,50.1
162959,12,0,0,577,2,0,0.0,48.1
163048,29,0,0,2610,1,0,0.0,90.0
163639,9,0,1,481,1,0,0.0,53.4
164904,30,0,1,2655,1,0,0.0,88.5
164915,4,0,0,315,1,0,0.0,78.8
165007,30,1,2,1407,6,0,0.033,46.9
165467,20,0,0,1800,1,0,0.0,90.0
165513,34,0,0,2526,4,0,0.0,74.3
165793,15,3,2,950,4,0,0.2,63.3
165895,34,2,5,2214,4,0,0.059,65.1
166601,11,0,1,487,3,0,0.0,44.3
167491,16,0,0,919,0,0,0.0,57.4
167721,16,1,0,371,2,0,0.062,23.2
167727,8,2,0,219,0,0,0.25,27.4
167799,32,4,5,2715,4,0,0.125,84.8
168157,19,1,0,1333,2,0,0.053,70.2
168989,27,2,1,1819,5,0,0.074,67.4
169497,15,0,0,646,1,0,0.0,43.1
169511,6,0,0,98,0,0,0.0,16.3
169880,26,2,3,2278,1,0,0.077,87.6
170472,15,0,0,1148,1,0,0.0,76.5
170481,22,1,0,1507,9,0,0.045,68.5
170506,5,0,0,41,0,0,0.0,8.2
170527,3,0,0,13,0,0,0.0,4.3
170911,29,0,0,2463,1,0,0.0,84.9
170961,5,0,0,200,0,0,0.0,40.0
170986,18,5,3,782,0,0,0.278,43.4
171679,11,0,0,792,4,0,0.0,72.0
173504,37,2,3,3330,8,0,0.054,90.0
173750,8,1,1,66,0,0,0.125,8.2
173859,35,3,4,2581,3,0,0.086,73.7
174094,31,0,2,1773,4,0,0.0,57.2
174196,32,0,3,2792,4,0,0.0,87.2
175446,34,0,0,2998,7,0,0.0,88.2
175449,26,0,2,1197,3,0,0.0,46.0
175639,30,1,7,2531,0,0,0.033,84.4
175722,9,1,0,687,0,0,0.111,76.3
176553,25,0,2,2060,4,0,0.0,82.4
177452,15,0,0,131,0,0,0.0,8.7
177467,22,10,0,1350,0,0,0.455,61.4
177476,18,0,0,688,1,0,0.0,38.2
177779,28,0,1,1652,8,0,0.0,59.0
177843,26,8,5,1971,2,0,0.308,75.8
177847,12,0,0,315,1,0,0.0,26.2
177907,23,1,2,1655,3,0,0.043,72.0
179184,6,1,0,134,0,0,0.167,22.3
181136,34,6,3,2045,3,0,0.176,60.1
181380,7,0,0,356,2,0,0.0,50.9
181382,11,2,0,741,2,0,0.182,67.4
181579,18,0,1,1097,1,0,0.0,60.9
181767,14,0,0,1049,0,0,0.0,74.9
181768,4,0,0,69,0,0,0.0,17.2
181778,28,0,3,2113,3,0,0.0,75.5
182201,27,2,1,1545,4,0,0.074,57.2
182712,16,2,3,953,1,0,0.125,59.6
182893,12,1,0,654,0,0,0.083,54.5
182894,31,1,1,2489,2,0,0.032,80.3
182904,19,0,1,1393,4,0,0.0,73.3
182906,37,0,0,3296,4,0,0.0,89.1
182913,30,6,5,2640,5,0,0.2,88.0
182916,29,12,2,2013,2,0,0.414,69.4
183288,38,1,1,3233,9,0,0.026,85.1
183318,2,0,0,19,0,0,0.0,9.5
184528,1,0,0,45,0,0,0.0,45.0
184573,17,0,1,944,0,0,0.0,55.5
184892,33,11,6,2462,6,0,0.333,74.6
185077,33,7,5,1715,0,0,0.212,52.0
186233,10,2,0,495,1,0,0.2,49.5
186368,31,0,2,2260,4,0,0.0,72.9
186590,9,0,0,439,0,0,0.0,48.8
187097,20,6,0,1147,2,0,0.3,57.4
187492,29,7,4,1608,0,0,0.241,55.4
187718,32,0,0,2836,5,0,0.0,88.6
188077,26,2,0,986,3,0,0.077,37.9
188888,23,3,3,1104,2,0,0.13,48.0
190280,3,0,0,181,0,0,0.0,60.3
190284,34,3,1,3060,4,0,0.088,90.0
190393,30,11,4,2307,5,0,0.367,76.9
190685,12,0,0,897,1,0,0.0,74.8
191056,32,0,0,2880,5,0,0.0,90.0
191217,27,2,3,1821,2,0,0.074,67.4
191422,15,2,3,716,0,0,0.133,47.7
191891,2,0,0,34,0,0,0.0,17.0
192009,28,0,4,1619,6,0,0.0,57.8
192080,27,0,0,2417,2,0,0.0,89.5
192169,27,1,1,2327,3,0,0.037,86.2
192279,1,0,0,90,0,0,0.0,90.0
192492,34,0,2,3060,2,0,0.0,90.0
192557,24,0,1,1625,0,0,0.0,67.7
192616,17,1,2,1155,4,0,0.059,67.9
192635,33,0,3,2967,5,0,0.0,89.9
192735,32,1,1,2438,3,0,0.031,76.2
192765,3,1,0,138,1,0,0.333,46.0
193004,32,2,0,2880,3,0,0.062,90.0
193033,3,0,0,6,0,0,0.0,2.0
193082,29,8,8,2524,5,0,0.276,87.0
193098,31,0,3,2558,5,0,0.0,82.5
193116,30,5,5,2158,5,0,0.167,71.9
193900,29,1,2,1012,4,0,0.034,34.9
195246,2,0,0,107,2,0,0.0,53.5
195488,35,0,0,3103,4,0,0.0,88.7
195778,34,0,1,3060,0,0,0.0,90.0
196095,24,5,4,666,1,0,0.208,27.8
196139,19,3,2,609,0,0,0.158,32.1
196231,6,0,0,148,0,0,0.0,24.7
196357,28,2,1,2019,7,0,0.071,72.1
196813,22,0,0,1975,1,0,0.0,89.8
196948,13,0,0,404,2,0,0.0,31.1
197300,29,4,2,1208,3,0,0.138,41.7
197471,29,1,0,2216,10,0,0.034,76.4
197473,30,0,0,1755,4,0,0.0,58.5
197747,32,0,0,2667,5,0,0.0,83.3
197838,29,7,3,2108,5,0,0.241,72.7
197929,27,0,0,2430,1,0,0.0,90.0
198008,31,10,0,1853,3,0,0.323,59.8
198116,35,7,18,2704,3,0,0.2,77.3
199248,37,2,1,3103,6,0,0.054,83.9
199527,33,3,2,1620,2,0,0.091,49.1
199733,27,3,3,1993,6,0,0.111,73.8
199953,31,4,1,975,0,0,0.129,31.5
199976,1,0,0,90,0,0,0.0,90.0
200056,5,0,0,170,0,0,0.0,34.0
201574,1,0,0,45,0,0,0.0,45.0
202591,17,1,0,299,0,0,0.059,17.6
202886,28,3,1,1126,2,0,0.107,40.2
203043,28,1,3,2069,3,0,0.036,73.9
203123,32,13,2,2396,5,0,0.406,74.9
203348,13,0,0,952,3,0,0.0,73.2
203460,20,2,6,1632,2,0,0.1,81.6
203504,2,0,0,78,0,0,0.0,39.0
203746,26,2,2,1731,4,0,0.077,66.6
203853,5,0,0,353,0,0,0.0,70.6
203938,15,0,1,1242,3,0,0.0,82.8
204103,24,0,0,377,1,0,0.0,15.7
205562,27,3,1,1259,4,0,0.111,46.6
205938,33,3,4,1931,3,0,0.091,58.5
206040,36,9,3,2199,5,0,0.25,61.1
206050,22,2,7,1356,0,0,0.091,61.6
206746,22,1,0,1795,2,0,0.045,81.6
207014,31,0,0,1568,7,0,0.0,50.6
207877,34,6,3,2251,10,0,0.176,66.2
207917,19,2,2,1234,4,0,0.105,64.9
209212,4,0,0,38,0,0,0.0,9.5
210178,11,0,0,809,3,0,0.0,73.5
211474,22,3,0,1165,2,0,0.136,53.0
212723,33,5,4,2195,6,0,0.152,66.5
212862,37,0,0,3330,1,0,0.0,90.0
213260,35,2,5,2247,6,0,0.057,64.2
213670,34,0,1,2307,6,0,0.0,67.9
214532,16,0,1,649,2,0,0.0,40.6
215599,5,0,1,95,0,0,0.0,19.0
215977,32,3,10,2691,11,0,0.094,84.1
216569,29,6,3,1322,1,0,0.207,45.6
216870,29,0,0,2272,4,0,0.0,78.3
217115,13,2,1,872,2,0,0.154,67.1
217144,36,2,2,3166,10,0,0.056,87.9
217155,1,0,0,13,0,0,0.0,13.0
221025,2,0,0,7,0,0,0.0,3.5
221150,34,0,0,2585,10,0,0.0,76.0
221316,12,1,2,479,2,0,0.083,39.9
221322,32,1,2,2462,6,0,0.031,76.9
221958,11,4,1,561,1,0,0.364,51.0
222855,36,1,0,3153,6,0,0.028,87.6
223967,29,3,9,1997,9,0,0.103,68.9
223974,30,1,0,1779,5,0,0.033,59.3
223979,26,3,1,1837,6,0,0.115,70.7
225020,10,0,0,282,1,0,0.0,28.2
225122,32,8,4,1832,3,0,0.25,57.2
225452,1,0,0,27,0,0,0.0,27.0
225593,33,7,1,1988,6,0,0.212,60.2
225657,20,1,0,1301,2,0,0.05,65.0
226012,38,0,0,3420,2,0,0.0,90.0
226025,18,2,2,765,3,0,0.111,42.5
226049,3,0,0,212,0,0,0.0,70.7
226524,24,3,1,1374,4,0,0.125,57.2
226973,7,1,0,89,0,0,0.143,12.7
227039,12,0,1,321,2,0,0.0,26.8
227084,21,0,0,1437,6,0,0.0,68.4
227110,24,0,0,1965,3,0,0.0,81.9
228948,28,0,0,2358,6,0,0.0,84.2
229006,28,2,6,1988,0,0,0.071,71.0
229604,29,0,0,2610,2,0,0.0,90.0
229804,16,0,1,718,0,0,0.0,44.9
230784,25,0,0,923,1,0,0.0,36.9
232271,17,1,4,1028,2,0,0.059,60.5
232320,28,0,1,1891,5,0,0.0,67.5
232454,26,12,3,2092,6,0,0.462,80.5
234029,33,7,2,1746,5,0,0.212,52.9
234523,25,1,1,940,2,0,0.04,37.6
234781,8,0,0,112,0,0,0.0,14.0
234803,24,1,0,1172,0,0,0.042,48.8
235931,20,0,2,1435,3,0,0.0,71.8
236490,18,0,0,1590,3,0,0.0,88.3
236953,2,0,0,8,0,0,0.0,4.0
236966,19,1,1,1295,5,0,0.053,68.2
236981,8,0,0,671,0,0,0.0,83.9
237164,16,0,0,176,1,0,0.0,11.0
237658,35,1,2,2900,8,0,0.029,82.9
237662,31,8,3,1873,2,0,0.258,60.4
238266,27,1,0,2150,6,0,0.037,79.6
238407,35,13,0,1981,4,0,0.371,56.6
238537,38,0,0,3420,2,0,0.0,90.0
238626,28,1,0,2325,7,0,0.036,83.0
238993,7,0,0,630,0,0,0.0,90.0
239647,27,5,0,1068,1,0,0.185,39.6
239743,19,1,2,1217,5,0,0.053,64.1
239802,33,1,2,2783,1,0,0.03,84.3
239962,17,1,0,1175,2,0,0.059,69.1
240306,35,9,21,3068,5,0,0.257,87.7
240414,11,0,1,980,1,0,0.0,89.1
240675,3,0,0,270,0,0,0.0,90.0
240692,25,0,2,1969,7,0,0.0,78.8
240897,26,0,1,1519,8,0,0.0,58.4
241527,35,10,2,2524,4,0,0.286,72.1
241641,38,2,4,2888,9,0,0.053,76.0
241923,35,0,1,3150,0,0,0.0,90.0
242063,2,0,0,46,0,0,0.0,23.0
242086,28,16,3,1996,2,0,0.571,71.3
242359,8,0,0,720,2,0,0.0,90.0
242606,18,2,2,1520,2,0,0.111,84.4
242631,29,4,3,2436,3,0,0.138,84.0
242632,4,0,0,57,0,0,0.0,14.2
242661,17,1,4,1110,2,0,0.059,65.3
242940,2,0,0,14,0,0,0.0,7.0
243879,24,1,0,693,2,0,0.042,28.9
244940,11,0,0,73,0,0,0.0,6.6
245056,26,1,3,1734,9,0,0.038,66.7
245537,26,2,2,1278,3,0,0.077,49.2
245744,20,1,0,659,2,0,0.05,33.0
246291,18,1,0,1227,5,0,0.056,68.2
246968,25,5,4,1122,4,0,0.2,44.9
248454,34,0,0,3060,0,0,0.0,90.0
248738,37,0,0,3285,3,0,0.0,88.8
248999,33,3,3,2044,4,0,0.091,61.9
249089,18,0,1,872,1,0,0.0,48.4
249513,28,0,0,1754,3,0,0.0,62.6
249565,25,0,4,1863,0,0,0.0,74.5
249636,29,1,1,2400,1,0,0.034,82.8
249730,27,2,0,2145,4,0,0.074,79.4
249994,23,0,0,2070,2,0,0.0,90.0
250153,16,0,1,300,0,0,0.0,18.8
250426,14,2,2,1147,3,0,0.143,81.9
250683,1,0,0,10,0,0,0.0,10.0
250779,29,1,4,2547,6,0,0.034,87.8
250845,16,0,1,1177,3,0,0.0,73.6
251075,34,1,2,2731,2,0,0.029,80.3
251106,23,1,0,214,1,0,0.043,9.3
251299,34,0,0,3060,1,0,0.0,90.0
251302,32,0,1,2269,2,0,0.0,70.9
251322,19,0,0,1619,1,0,0.0,85.2
251876,31,1,2,2672,10,0,0.032,86.2
251878,33,1,5,2161,2,0,0.03,65.5
252677,20,1,1,346,1,0,0.05,17.3
253677,17,0,1,1323,1,0,0.0,77.8
255488,7,0,0,514,0,0,0.0,73.4
255495,12,1,0,958,2,0,0.083,79.8
255501,11,0,0,600,2,0,0.0,54.5
255508,30,3,6,2168,2,0,0.1,72.3
255942,34,3,9,2533,7,0,0.088,74.5
256178,21,0,2,600,4,0,0.0,28.6
256267,37,23,1,3137,4,0,0.622,84.8
256339,34,0,0,3060,0,0,0.0,90.0
256448,36,4,2,3066,9,0,0.111,85.2
256678,5,0,0,315,0,0,0.0,63.0
257062,32,4,6,2108,3,0,0.125,65.9
257376,34,1,1,2929,12,0,0.029,86.1
257455,33,5,2,2198,8,0,0.152,66.6
257474,27,0,1,2430,0,0,0.0,90.0
257732,21,2,1,1800,3,0,0.095,85.7
257814,34,0,0,3060,3,0,0.0,90.0
258004,26,2,0,2140,3,0,0.077,82.3
258039,4,0,0,141,1,0,0.0,35.2
258364,18,0,0,786,3,0,0.0,43.7
258827,32,1,6,1952,3,0,0.031,61.0
258878,16,0,0,789,2,0,0.0,49.3
258889,15,3,0,1001,1,0,0.2,66.7
258919,37,0,0,3330,5,0,0.0,90.0
258923,32,8,9,1762,3,0,0.25,55.1
258987,19,0,0,1492,1,0,0.0,78.5
260827,33,0,1,2877,7,0,0.0,87.2
261503,9,1,0,547,0,0,0.111,60.8
261504,33,3,9,2676,6,0,0.091,81.1
261905,20,2,0,1109,3,0,0.1,55.4
262226,30,0,0,1842,4,0,0.0,61.4
262396,37,0,0,3330,1,0,0.0,90.0
262749,37,0,0,3330,1,0,0.0,90.0
262939,35,0,4,2726,6,0,0.0,77.9
262980,31,0,4,1724,7,0,0.0,55.6
263236,24,0,0,1491,8,0,0.0,62.1
263361,2,0,0,35,0,0,0.0,17.5
263727,3,0,0,22,1,0,0.0,7.3
263918,25,5,5,1661,2,0,0.2,66.4
264372,32,6,5,2642,3,0,0.188,82.6
264960,34,3,2,2809,2,0,0.088,82.6
265078,15,1,0,894,0,0,0.067,59.6
265088,36,1,2,3005,9,0,0.028,83.5
267160,25,3,0,911,3,0,0.12,36.4
268327,13,0,0,692,0,0,0.0,53.2
268429,14,0,1,519,2,0,0.0,37.1
268642,5,0,0,354,2,0,0.0,70.8
268670,28,0,3,1172,4,0,0.0,41.9
270171,25,1,4,1437,8,0,0.04,57.5
270393,3,0,0,223,0,0,0.0,74.3
270541,33,17,2,2351,3,0,0.515,71.2
271455,5,0,0,256,0,0,0.0,51.2
272278,33,7,8,1706,2,0,0.212,51.7
272622,13,1,0,814,2,0,0.077,62.6
272642,10,3,3,403,1,0,0.3,40.3
272812,32,2,0,1810,5,0,0.062,56.6
273132,26,3,1,1893,2,0,0.115,72.8
273669,24,1,1,860,1,0,0.042,35.8
274862,29,3,3,2021,1,0,0.103,69.7
275218,34,0,0,3060,5,0,0.0,90.0
275303,16,0,0,762,0,0,0.0,47.6
276111,25,1,0,2064,3,0,0.04,82.6
277033,31,1,3,1199,7,0,0.032,38.7
277179,7,0,0,419,2,0,0.0,59.9
277384,37,0,0,3309,6,0,0.0,89.4
277533,19,0,3,554,2,0,0.0,29.2
278296,24,0,1,2070,4,0,0.0,86.2
278332,17,0,1,935,0,0,0.0,55.0
278359,35,14,2,1902,7,0,0.4,54.3
278531,34,1,1,3017,4,0,0.029,88.7
278837,37,3,6,2636,1,0,0.081,71.2
279455,36,10,7,2694,7,0,0.278,74.8
279823,37,7,1,2316,2,0,0.189,62.6
280575,26,2,0,1109,3,0,0.077,42.7
280730,5,1,0,202,0,0,0.2,40.4
281769,27,3,2,2096,9,0,0.111,77.6
281963,25,0,3,1746,4,0,0.0,69.8
281989,37,1,10,3277,4,0,0.027,88.6
282028,5,0,0,450,0,0,0.0,90.0
282144,35,0,0,2918,12,0,0.0,83.4
282388,32,11,2,2247,1,0,0.344,70.2
282411,29,0,4,2184,5,0,0.0,75.3
282421,17,0,0,545,0,0,0.0,32.1
282660,32,6,4,2189,4,0,0.188,68.4
282939,12,0,1,564,1,0,0.0,47.0
283170,16,0,0,1440,0,0,0.0,90.0
283227,32,1,0,2568,3,0,0.031,80.2
283497,27,2,1,1249,1,0,0.074,46.3
283628,35,5,0,2199,3,0,0.143,62.8
283735,26,3,1,2114,6,0,0.115,81.3
283994,32,8,10,2824,9,0,0.25,88.2
284010,8,1,0,317,1,0,0.125,39.6
284270,34,0,0,3060,1,0,0.0,90.0
284430,36,0,1,3240,3,0,0.0,90.0
284730,33,2,0,2820,4,0,0.061,85.5
284732,21,5,2,1528,6,0,0.238,72.8
284854,34,0,4,1997,5,0,0.0,58.7
284857,34,1,4,2710,8,0,0.029,79.7
285323,19,1,1,743,2,0,0.053,39.1
285845,30,1,4,2486,5,0,0.033,82.9
286047,31,0,0,2790,1,0,0.0,90.0
286297,24,4,2,1476,2,0,0.167,61.5
286384,15,1,0,1236,3,0,0.067,82.4
286415,9,0,0,810,1,0,0.0,90.0
286949,5,0,1,232,0,0,0.0,46.4
287579,17,0,0,1296,4,0,0.0,76.2
287635,15,0,0,208,3,0,0.0,13.9
287920,22,1,1,607,0,0,0.045,27.6
288225,32,5,4,1542,1,0,0.156,48.2
288230,22,10,7,1063,0,0,0.455,48.3
288255,2,0,0,41,0,0,0.0,20.5
288340,29,6,4,1809,4,0,0.207,62.4
288429,7,0,0,205,0,0,0.0,29.3
289255,24,0,1,1358,3,0,0.0,56.6
289257,28,0,0,1240,1,0,0.0,44.3
289446,26,2,0,2153,3,0,0.077,82.8
289592,9,0,0,416,0,0,0.0,46.2
289835,29,10,2,2468,5,0,0.345,85.1
290017,26,0,2,1869,5,0,0.0,71.9
290249,37,6,2,3255,6,0,0.162,88.0
290537,38,0,1,3420,3,0,0.0,90.0
290587,25,0,0,1442,1,0,0.0,57.7
290862,26,0,3,1960,9,0,0.0,75.4
291200,32,0,2,2758,3,0,0.0,86.2
291222,20,3,0,1138,0,0,0.15,56.9
291417,5,0,0,206,0,0,0.0,41.2
292246,26,2,2,1455,5,0,0.077,56.0
292534,27,2,2,2314,4,0,0.074,85.7
292808,14,0,0,1141,3,0,0.0,81.5
293169,14,0,0,483,1,0,0.0,34.5
293194,7,0,0,99,1,0,0.0,14.1
293200,37,8,3,3055,7,0,0.216,82.6
293281,28,0,1,1023,0,0,0.0,36.5
293385,33,7,8,2077,1,0,0.212,62.9
293388,20,0,1,1319,3,0,0.0,66.0
294057,3,0,0,34,0,0,0.0,11.3
295313,17,4,2,481,2,0,0.235,28.3
295630,27,2,5,1902,8,0,0.074,70.4
296397,1,0,0,3,0,0,0.0,3.0
296422,13,0,0,843,2,0,0.0,64.8
296802,1,0,0,90,0,0,0.0,90.0
297070,18,0,1,1154,4,0,0.0,64.1
297212,35,2,0,2954,3,0,0.057,84.4
297583,28,4,1,1193,0,0,0.143,42.6
298197,38,0,0,3420,3,0,0.0,90.0
298575,27,2,2,424,4,0,0.074,15.7
298583,17,2,1,1339,3,0,0.118,78.8
298603,29,0,4,2437,7,0,0.0,84.0
298635,6,0,0,40,0,0,0.0,6.7
298975,9,0,0,336,1,0,0.0,37.3
298976,16,4,1,1059,0,0,0.25,66.2
300168,23,0,0,444,0,0,0.0,19.3
300532,13,0,1,452,0,0,0.0,34.8
301238,30,0,0,2655,1,0,0.0,88.5
302371,37,14,3,2730,2,0,0.378,73.8
303219,27,0,0,2296,3,0,0.0,85.0
303254,33,0,2,2563,6,0,0.0,77.7
303259,2,1,0,180,0,0,0.5,90.0
303657,38,0,0,3420,2,0,0.0,90.0
305947,33,5,4,2262,4,0,0.152,68.5
306024,35,14,1,2730,3,0,0.4,78.0
307183,15,2,1,619,1,0,0.133,41.3
308279,34,7,4,2438,7,0,0.206,71.7
309110,29,6,2,1671,4,0,0.207,57.6
309400,12,2,3,583,1,0,0.167,48.6
311044,30,2,0,1481,3,0,0.067,49.4
312773,2,0,0,175,0,0,0.0,87.5
314241,33,1,0,1759,7,0,0.03,53.3
314288,31,6,1,1073,0,0,0.194,34.6
314353,21,0,4,1164,4,0,0.0,55.4
314367,23,1,3,1065,0,0,0.043,46.3
314398,28,4,2,2201,4,0,0.143,78.6
314678,30,1,8,1252,2,0,0.033,41.7
314875,38,9,11,3409,4,0,0.237,89.7
315121,16,0,0,1395,1,0,0.0,87.2
315253,5,0,0,450,0,0,0.0,90.0
315779,30,8,4,1612,0,0,0.267,53.7
315853,28,1,4,2249,6,0,0.036,80.3
315858,34,0,0,3060,7,0,0.0,90.0
315865,36,9,4,2575,2,0,0.25,71.5
315867,24,10,1,1319,2,0,0.417,55.0
315969,33,10,3,2793,1,0,0.303,84.6
316125,20,0,2,1602,4,0,0.0,80.1
316264,24,1,7,1371,0,0,0.042,57.1
316884,29,0,1,2610,1,0,0.0,90.0
316934,30,2,0,1798,1,0,0.067,59.9
317057,25,0,0,2250,0,0,0.0,90.0
318204,30,3,7,2556,6,0,0.1,85.2
318470,15,0,0,1350,0,0,0.0,90.0
318508,12,0,1,800,2,0,0.0,66.7
318523,30,3,5,2250,4,0,0.1,75.0
318528,29,13,6,1913,2,0,0.448,66.0
319301,19,0,0,553,0,0,0.0,29.1
319745,16,0,0,482,1,0,0.0,30.1
319859,36,3,1,2252,3,0,0.083,62.6
320271,12,0,1,585,3,0,0.0,48.8
320748,16,1,3,777,2,0,0.062,48.6
321247,36,6,2,1760,6,0,0.167,48.9
321528,20,3,1,1328,2,0,0.15,66.4
322305,31,4,2,1815,2,0,0.129,58.5
322517,16,0,0,1080,5,0,0.0,67.5
323167,30,0,0,2531,4,0,0.0,84.4
324278,33,13,9,2793,10,0,0.394,84.6
324358,37,16,3,2854,4,0,0.432,77.1
324377,23,1,0,1566,4,0,0.043,68.1
324690,23,3,1,1101,2,0,0.13,47.9
324795,32,3,2,2661,5,0,0.094,83.2
324811,23,1,2,1041,1,0,0.043,45.3
325223,18,2,2,712,0,0,0.111,39.6
325443,36,14,1,2231,5,0,0.389,62.0
326029,39,18,3,2123,1,0,0.462,54.4
326031,13,1,0,1170,0,0,0.077,90.0
326330,25,1,5,1631,3,0,0.04,65.2
326416,20,0,0,1609,2,0,0.0,80.4
327251,32,2,3,2514,4,0,0.062,78.6
328480,31,2,0,2234,4,0,0.065,72.1
328609,2,0,0,57,0,0,0.0,28.5
328658,27,0,1,1809,4,0,0.0,67.0
328770,1,0,0,30,0,0,0.0,30.0
328784,32,3,2,2835,1,0,0.094,88.6
329145,27,1,0,1948,8,0,0.037,72.1
330659,20,2,0,953,5,0,0.1,47.6
331401,23,0,1,933,2,0,0.0,40.6
331505,34,1,4,1968,4,0,0.029,57.9
331726,12,2,0,277,0,0,0.167,23.1
332560,19,0,1,1186,3,0,0.0,62.4
332697,36,5,6,2841,5,0,0.139,78.9
332705,25,2,2,1779,8,0,0.08,71.2
332889,31,2,5,2745,6,0,0.065,88.5
333014,35,0,1,2911,5,0,0.0,83.2
333175,3,0,0,270,0,0,0.0,90.0
333241,27,2,1,1956,10,0,0.074,72.4
333647,22,13,1,1340,1,0,0.591,60.9
333903,21,0,0,970,1,0,0.0,46.2
334207,3,0,0,162,0,0,0.0,54.0
334221,19,0,0,1504,4,0,0.0,79.2
334222,29,11,1,1959,2,0,0.379,67.6
334526,24,2,1,2034,4,0,0.083,84.8
334835,23,2,3,1746,0,0,0.087,75.9
335103,24,2,1,1020,0,0,0.083,42.5
335209,30,5,0,2467,6,0,0.167,82.2
335225,32,3,0,1775,3,0,0.094,55.5
335457,25,12,4,1498,5,0,0.48,59.9
335516,32,1,1,2281,4,0,0.031,71.3
335721,12,0,1,704,0,0,0.0,58.7
335993,28,1,2,2188,2,0,0.036,78.1
336012,23,1,1,655,0,0,0.043,28.5
336077,6,0,0,540,0,0,0.0,90.0
336125,30,2,2,1593,2,0,0.067,53.1
336869,29,1,1,2025,1,0,0.034,69.8
336960,31,0,1,2591,8,0,0.0,83.6
337092,15,0,0,1082,2,0,0.0,72.1
337284,8,0,0,196,1,0,0.0,24.5
337333,20,0,0,443,1,0,0.0,22.2
337715,25,4,4,1055,4,0,0.16,42.2
337725,2,0,0,25,0,0,0.0,12.5
337946,1,0,0,25,0,0,0.0,25.0
338070,18,0,0,638,1,0,0.0,35.4
338285,30,0,1,2177,8,0,0.0,72.6
338424,22,4,3,1027,1,0,0.182,46.7
338425,31,2,3,2164,3,0,0.065,69.8
338629,12,0,0,433,1,0,0.0,36.1
338668,31,0,1,2757,4,0,0.0,88.9
338670,38,0,0,3420,0,0,0.0,90.0
339314,29,19,6,2249,5,0,0.655,77.6
339332,18,1,2,661,2,0,0.056,36.7
339340,3,0,0,15,0,0,0.0,5.0
339556,25,0,0,1329,2,0,0.0,53.2
339816,29,1,2,1792,3,0,0.034,61.8
340166,14,1,3,670,2,0,0.071,47.9
340177,17,0,1,1148,2,0,0.0,67.5
340205,35,10,3,2370,4,0,0.286,67.7
340321,2,0,0,2,0,0,0.0,1.0
340322,17,1,6,870,2,0,0.059,51.2
340324,12,2,0,416,2,0,0.167,34.7
340325,10,0,1,118,0,0,0.0,11.8
340329,24,0,2,980,3,0,0.0,40.8
340353,30,0,0,2617,1,0,0.0,87.2
340376,9,0,0,178,0,0,0.0,19.8
340394,1,0,0,26,0,0,0.0,26.0
340456,20,0,0,984,3,0,0.0,49.2
340521,8,0,0,41,0,0,0.0,5.1
340918,37,0,0,3330,1,0,0.0,90.0
341051,23,1,0,1380,2,0,0.043,60.0
341092,26,2,1,318,3,0,0.077,12.2
341227,32,1,5,2573,6,0,0.031,80.4
341263,33,3,1,2710,5,0,0.091,82.1
341264,13,1,1,930,0,0,0.077,71.5
341277,1,0,0,11,0,0,0.0,11.0
341278,35,0,1,2540,3,0,0.0,72.6
341317,29,6,2,1674,4,0,0.207,57.7
342039,6,0,0,247,2,0,0.0,41.2
342046,14,1,0,1202,1,0,0.071,85.9
342048,20,1,0,929,3,0,0.05,46.4
342229,31,25,5,2606,3,0,0.806,84.1
342385,22,4,0,1485,5,0,0.182,67.5
342405,24,3,1,854,4,0,0.125,35.6
342877,17,0,1,1332,4,0,0.0,78.4
342967,28,2,3,1710,5,0,0.071,61.1
343052,36,8,10,2397,4,0,0.222,66.6
343537,14,3,1,386,0,0,0.214,27.6
344069,29,5,3,2378,3,0,0.172,82.0
344072,23,0,1,1962,3,0,0.0,85.3
344152,30,12,3,1821,1,0,0.4,60.7
344381,32,7,3,1351,0,0,0.219,42.2
344596,33,0,1,2925,4,0,0.0,88.6
344598,3,0,1,210,0,0,0.0,70.0
344695,24,1,1,1798,4,0,0.042,74.9
344886,34,1,7,3005,2,0,0.029,88.4
344888,25,4,2,1911,0,0,0.16,76.4
344892,29,8,7,2355,1,0,0.276,81.2
345458,34,0,1,2855,7,0,0.0,84.0
345590,26,5,1,1380,1,0,0.192,53.1
345886,24,3,6,1610,2,0,0.125,67.1
345911,30,2,1,2541,4,0,0.067,84.7
346289,8,1,0,544,3,0,0.125,68.0
346314,34,3,0,2782,3,0,0.088,81.8
346483,23,3,0,1017,2,0,0.13,44.2
346499,30,5,3,2069,4,0,0.167,69.0
346546,10,0,0,865,0,0,0.0,86.5
346551,34,0,0,3060,1,0,0.0,90.0
346561,34,1,0,2463,8,0,0.029,72.4
346567,24,1,0,1477,8,0,0.042,61.5
346707,23,2,2,1006,2,0,0.087,43.7
346779,33,6,3,1897,0,0,0.182,57.5
346853,34,4,8,2993,4,0,0.118,88.0
346890,28,8,1,1569,3,0,0.286,56.0
348026,32,3,4,2787,5,0,0.094,87.1
348601,34,2,3,1907,2,0,0.059,56.1
348795,24,2,3,1397,4,0,0.083,58.2
349066,14,3,1,702,0,0,0.214,50.1
349599,19,1,1,1036,5,0,0.053,54.5
349701,22,1,0,1492,5,0,0.045,67.8
349884,20,0,1,1092,3,0,0.0,54.6
350219,20,1,4,1129,1,0,0.05,56.4
351478,34,15,4,2715,3,0,0.441,79.9
351809,28,1,1,1783,5,0,0.036,63.7
351955,29,2,0,2541,2,0,0.069,87.6
352041,16,0,0,1440,2,0,0.0,90.0
353032,33,1,1,2802,6,0,0.03,84.9
353366,28,1,2,2019,6,0,0.036,72.1
353399,32,9,3,2646,2,0,0.281,82.7
353404,12,1,0,334,2,0,0.083,27.8
353892,16,1,2,921,0,0,0.062,57.6
353948,24,1,1,827,0,0,0.042,34.5
354352,8,0,0,610,1,0,0.0,76.2
354361,18,4,2,1256,1,0,0.222,69.8
354362,26,1,1,1892,7,0,0.038,72.8
354482,16,2,2,988,4,0,0.125,61.8
354726,26,1,0,494,1,0,0.038,19.0
354814,30,4,1,1520,2,0,0.133,50.7
355628,25,0,1,2082,9,0,0.0,83.3
355861,30,3,2,1627,0,0,0.1,54.2
355915,23,4,1,1873,9,0,0.174,81.4
356141,28,0,1,1909,3,0,0.0,68.2
356197,27,1,3,1690,8,0,0.037,62.6
357119,36,1,0,3100,7,0,0.028,86.1
357147,34,1,3,2616,5,0,0.029,76.9
357156,23,0,0,1970,4,0,0.0,85.7
357162,31,0,2,2114,6,0,0.0,68.2
357164,29,9,3,1861,5,0,0.31,64.2
357498,19,7,1,970,0,0,0.368,51.1
357565,21,1,0,1514,3,0,0.048,72.1
357628,20,2,0,639,0,0,0.1,32.0
357662,36,4,7,3099,3,0,0.111,86.1
357778,13,0,1,294,2,0,0.0,22.6
357796,29,0,1,1971,2,0,0.0,68.0
357884,28,0,0,2150,5,0,0.0,76.8
357885,37,9,6,2866,2,0,0.243,77.5
357992,24,0,1,1373,2,0,0.0,57.2
358003,37,1,0,3201,4,0,0.027,86.5
358008,33,2,4,1911,4,0,0.061,57.9
358032,29,1,3,1418,6,0,0.034,48.9
358143,26,1,2,2232,7,0,0.038,85.8
358250,8,0,0,639,0,0,0.0,79.9
358504,31,5,5,2379,5,0,0.161,76.7
358515,25,2,2,1089,0,0,0.08,43.6
360518,33,0,0,1819,5,0,0.0,55.1
361065,1,0,0,8,0,0,0.0,8.0
361068,31,5,4,2205,1,0,0.161,71.1
361093,25,1,1,1839,2,0,0.04,73.6
361254,27,8,0,1810,4,0,0.296,67.0
361256,32,0,1,2835,4,0,0.0,88.6
361260,25,4,0,1745,5,0,0.16,69.8
361914,18,1,0,1579,4,0,0.056,87.7
362086,31,3,3,2263,10,0,0.097,73.0
362108,32,0,0,2639,4,0,0.0,82.5
362977,11,1,1,325,1,0,0.091,29.5
363057,34,0,1,1870,2,0,0.0,55.0
363205,14,3,0,421,3,0,0.214,30.1
364135,26,8,1,2041,4,0,0.308,78.5
364245,33,1,2,2494,7,0,0.03,75.6
364258,29,0,0,2319,9,0,0.0,80.0
364409,2,0,0,135,0,0,0.0,67.5
365108,24,1,1,1176,1,0,0.042,49.0
366930,35,0,6,2706,5,0,0.0,77.3
367284,30,5,1,2623,7,0,0.167,87.4
367466,24,0,2,1394,5,0,0.0,58.1
368482,35,10,1,2117,2,0,0.286,60.5
368887,26,1,0,702,0,0,0.038,27.0
368891,24,1,1,2144,8,0,0.042,89.3
369081,33,5,8,2747,3,0,0.152,83.2
369316,37,1,0,3134,6,0,0.027,84.7
369567,1,0,0,14,0,0,0.0,14.0
369674,16,1,2,1224,1,0,0.062,76.5
369684,22,2,0,1542,4,0,0.091,70.1
369962,16,0,0,246,0,0,0.0,15.4
370683,13,0,0,850,3,0,0.0,65.4
370789,31,0,15,2274,8,0,0.0,73.4
370791,1,0,0,27,0,0,0.0,27.0
370846,29,2,2,2263,5,0,0.069,78.0
371021,32,0,0,2880,4,0,0.0,90.0
371141,13,1,2,819,2,0,0.077,63.0
371149,31,3,0,2683,5,0,0.097,86.5
371371,8,0,0,438,1,0,0.0,54.8
371436,10,1,0,862,2,0,0.1,86.2
371686,26,0,3,2045,7,0,0.0,78.7
371851,25,1,2,1893,4,0,0.04,75.7
371998,36,16,6,2825,8,0,0.444,78.5
372246,33,4,3,2326,3,0,0.121,70.5
372712,13,0,0,804,4,0,0.0,61.8
372720,11,0,0,133,1,0,0.0,12.1
374040,23,2,1,819,1,0,0.087,35.6
374139,12,0,1,832,1,0,0.0,69.3
374954,26,2,1,1654,5,0,0.077,63.6
375382,22,0,2,1016,0,0,0.0,46.2
375391,8,0,0,223,0,0,0.0,27.9
375816,2,1,0,14,0,0,0.5,7.0
375877,15,0,2,447,0,0,0.0,29.8
375885,28,2,2,2080,5,0,0.071,74.3
376514,25,0,0,1368,3,0,0.0,54.7
377042,27,2,0,2009,3,0,0.074,74.4
377243,33,1,1,1699,2,0,0.03,51.5
377393,24,1,3,1966,5,0,0.042,81.9
377641,18,0,1,841,4,0,0.0,46.7
377729,29,3,1,1346,2,0,0.103,46.4
378139,27,4,2,1814,4,0,0.148,67.2
378293,14,0,1,638,2,0,0.0,45.6
378710,32,11,4,1960,4,0,0.344,61.2
379163,23,0,0,1287,7,0,0.0,56.0
380350,4,0,0,103,0,0,0.0,25.8
380598,34,3,6,2413,5,0,0.088,71.0
381753,23,0,3,1324,3,0,0.0,57.6
381950,35,3,4,2802,5,0,0.086,80.1
381963,6,0,0,37,0,0,0.0,6.2
381967,26,5,0,1714,3,0,0.192,65.9
382478,27,0,0,1812,5,0,0.0,67.1
384593,29,5,4,2108,3,0,0.172,72.7
384859,15,3,0,733,4,0,0.2,48.9
385105,29,0,2,2096,7,0,0.0,72.3
385394,12,0,1,856,5,0,0.0,71.3
386047,14,0,0,1255,1,0,0.0,89.6
386446,33,0,1,2522,3,0,0.0,76.4
386455,21,1,2,1072,1,0,0.048,51.0
386552,33,3,1,2696,4,0,0.091,81.7
386685,1,0,0,90,0,0,0.0,90.0
387047,34,5,1,3060,4,0,0.147,90.0
387106,28,2,3,1375,5,0,0.071,49.1
387626,20,0,1,634,1,0,0.0,31.7
388165,19,1,1,521,3,0,0.053,27.4
388198,28,5,2,2520,8,0,0.179,90.0
388294,26,0,2,1500,2,0,0.0,57.7
388409,30,2,0,2454,4,0,0.067,81.8
388513,18,1,0,700,2,0,0.056,38.9
388516,5,0,0,450,0,0,0.0,90.0
389837,12,0,0,675,0,0,0.0,56.2
390163,1,0,0,9,0,0,0.0,9.0
390304,17,0,0,1469,4,0,0.0,86.4
390688,37,1,2,3189,4,0,0.027,86.2
391004,11,1,0,480,1,0,0.091,43.6
391065,14,2,2,636,1,0,0.143,45.4
391720,17,1,0,1213,1,0,0.059,71.4
391766,33,3,1,2012,5,0,0.091,61.0
391780,29,1,2,1902,5,0,0.034,65.6
392085,32,5,6,2271,8,0,0.156,71.0
392179,19,0,0,1540,0,0,0.0,81.1
392516,37,0,4,3058,3,0,0.0,82.6
392538,26,3,1,1435,2,0,0.115,55.2
392569,31,0,3,1594,2,0,0.0,51.4
392710,21,0,0,472,1,0,0.0,22.5
392757,35,3,4,3150,6,0,0.086,90.0
392765,37,3,0,1928,1,0,0.081,52.1
392767,30,3,3,2528,9,0,0.1,84.3
392768,30,3,4,1848,0,0,0.1,61.6
392770,26,3,0,1357,5,0,0.115,52.2
392771,35,1,1,3123,10,0,0.029,89.2
392775,27,3,3,1822,0,0,0.111,67.5
392956,35,2,0,2953,5,0,0.057,84.4
392966,32,0,3,1811,2,0,0.0,56.6
393238,15,0,0,507,4,0,0.0,33.8
393321,24,1,0,1941,4,0,0.042,80.9
393323,37,4,5,2470,3,0,0.108,66.8
393512,11,0,1,747,1,0,0.0,67.9
393745,1,0,0,22,0,0,0.0,22.0
394033,27,5,1,805,1,0,0.185,29.8
394236,27,0,3,1507,3,0,0.0,55.8
394300,22,0,0,552,0,0,0.0,25.1
394327,18,1,3,1418,5,0,0.056,78.8
395122,32,0,1,2070,6,0,0.0,64.7
395234,27,1,0,1619,6,0,0.037,60.0
395237,30,2,5,1488,3,0,0.067,49.6
395512,32,1,2,2316,2,0,0.031,72.4
395522,14,1,0,404,2,0,0.071,28.9
395695,29,0,0,2349,7,0,0.0,81.0
396638,22,3,2,1033,1,0,0.136,47.0
397033,35,0,2,2545,4,0,0.0,72.7
397171,30,0,1,2334,8,0,0.0,77.8
397225,19,1,2,1292,1,0,0.053,68.0
397676,4,0,0,360,0,0,0.0,90.0
398065,37,7,1,1961,1,0,0.189,53.0
398073,18,2,2,1374,3,0,0.111,76.3
398163,12,1,0,718,3,0,0.083,59.8
398184,33,16,2,1975,2,0,0.485,59.8
399383,10,0,0,146,0,0,0.0,14.6
399434,34,7,4,2743,6,0,0.206,80.7
399776,21,0,0,1676,1,0,0.0,79.8
400489,33,1,3,1783,3,0,0.03,54.0
400536,18,0,1,1620,0,0,0.0,90.0
400546,28,4,3,1256,2,0,0.143,44.9
401173,23,0,2,873,0,0,0.0,38.0
401529,36,1,2,3139,7,0,0.028,87.2
401530,16,2,1,1142,2,0,0.125,71.4
401578,18,0,1,1097,3,0,0.0,60.9
401922,24,3,4,1099,0,0,0.125,45.8
402008,7,1,1,257,0,0,0.143,36.7
403151,35,0,1,3041,3,0,0.0,86.9
403177,2,0,0,122,0,0,0.0,61.0
404418,30,0,2,2433,2,0,0.0,81.1
404839,6,0,0,540,0,0,0.0,90.0
404842,33,0,1,2961,6,0,0.0,89.7
404950,33,0,2,2704,2,0,0.0,81.9
405385,31,0,6,2434,2,0,0.0,78.5
405389,30,0,0,2625,6,0,0.0,87.5
405398,24,2,4,1509,2,0,0.083,62.9
405670,31,2,2,2491,7,0,0.065,80.4
405686,8,0,0,223,0,0,0.0,27.9
405687,26,0,2,1787,4,0,0.0,68.7
405885,25,3,3,1019,1,0,0.12,40.8
406040,24,6,0,1419,1,0,0.25,59.1
406042,11,1,1,390,0,0,0.091,35.5
406151,23,0,1,1705,6,0,0.0,74.1
406625,30,17,6,2178,4,0,0.567,72.6
406632,1,0,0,1,0,0,0.0,1.0
406634,21,2,2,942,2,0,0.095,44.9
406635,33,7,5,2085,4,0,0.212,63.2
406640,29,2,3,2190,0,0,0.069,75.5
407098,34,7,5,3023,4,0,0.206,88.9
408471,10,2,0,678,2,0,0.2,67.8
409344,4,0,0,42,0,0,0.0,10.5
410225,28,9,1,2177,2,0,0.321,77.8
410425,11,0,0,605,4,0,0.0,55.0
410708,34,0,1,2937,5,0,0.0,86.4
411295,22,13,3,1389,5,0,0.591,63.1
411537,29,11,0,1776,5,0,0.379,61.2
411975,30,1,3,2261,6,0,0.033,75.4
412045,33,2,1,2170,10,0,0.061,65.8
412363,19,1,4,676,3,0,0.053,35.6
412660,30,10,4,2078,5,0,0.333,69.3
412829,32,0,0,1568,2,0,0.0,49.0
412935,6,0,0,30,0,0,0.0,5.0
412953,30,4,8,2441,7,0,0.133,81.4
413039,33,11,3,2625,4,0,0.333,79.5
413112,33,1,0,2623,8,0,0.03,79.5
413220,29,2,1,1896,4,0,0.069,65.4
413262,13,0,1,264,0,0,0.0,20.3
413403,34,0,0,3036,0,0,0.0,89.3
413507,38,0,0,3375,6,0,0.0,88.8
413565,29,1,0,2287,5,0,0.034,78.9
413605,10,2,0,400,0,0,0.2,40.0
413843,24,0,2,2031,5,0,0.0,84.6
414908,28,5,3,1852,2,0,0.179,66.1
415035,1,0,0,45,1,0,0.0,45.0
415194,15,1,1,918,1,0,0.067,61.2
415381,26,2,3,1908,8,0,0.077,73.4
415383,30,0,0,2659,1,0,0.0,88.6
415912,31,3,0,2532,2,0,0.097,81.7
415970,11,0,0,497,0,0,0.0,45.2
416380,29,7,5,1726,3,0,0.241,59.5
416386,23,1,0,906,3,0,0.043,39.4
417278,3,0,0,225,0,0,0.0,75.0
417346,26,1,3,1241,1,0,0.038,47.7
417913,28,0,0,2520,1,0,0.0,90.0
418560,35,27,8,2959,2,0,0.771,84.5
418659,22,8,3,1331,1,0,0.364,60.5
419067,33,3,2,2459,3,0,0.091,74.5
419648,6,0,0,138,0,0,0.0,23.0
420002,32,12,0,2223,2,0,0.375,69.5
420064,22,0,2,1533,2,0,0.0,69.7
420210,28,0,0,1685,2,0,0.0,60.2
420213,15,0,0,1112,5,0,0.0,74.1
420243,30,3,6,2457,5,0,0.1,81.9
421637,6,0,1,88,0,0,0.0,14.7
421873,38,0,0,3420,2,0,0.0,90.0
422951,38,0,0,3316,4,0,0.0,87.3
423440,38,5,1,3002,4,0,0.132,79.0
423444,27,1,0,1544,3,0,0.037,57.2
423744,17,1,0,802,1,0,0.059,47.2
424015,7,0,0,240,0,0,0.0,34.3
424042,26,2,2,1321,4,0,0.077,50.8
424072,28,2,2,2032,3,0,0.071,72.6
424204,13,1,3,523,1,0,0.077,40.2
425334,35,3,3,3022,9,0,0.086,86.3
425902,22,0,2,603,3,0,0.0,27.4
427568,12,0,0,1003,2,0,0.0,83.6
428563,27,1,0,1596,5,0,0.037,59.1
429014,37,15,4,3113,1,0,0.405,84.1
429259,29,0,2,2405,7,0,0.0,82.9
429790,19,1,0,738,2,0,0.053,38.8
429874,28,4,2,1322,3,0,0.143,47.2
429915,30,2,3,1414,2,0,0.067,47.1
429983,36,4,1,2315,4,0,0.111,64.3
430280,26,0,4,1458,4,0,0.0,56.1
430310,7,0,0,157,0,0,0.0,22.4
431190,13,0,0,318,0,0,0.0,24.5
432090,33,2,3,2567,5,0,0.061,77.8
432092,32,4,1,1664,1,0,0.125,52.0
432164,37,6,4,2315,2,0,0.162,62.6
432298,20,0,0,1800,1,0,0.0,90.0
432914,5,0,0,438,1,0,0.0,87.6
432982,8,1,0,361,1,0,0.125,45.1
433177,31,7,7,2226,2,0,0.226,71.8
433181,15,0,0,277,1,0,0.0,18.5
433188,34,1,2,1930,2,0,0.029,56.8
433329,14,0,0,539,0,0,0.0,38.5
433584,32,0,3,1644,2,0,0.0,51.4
433887,10,0,0,305,0,0,0.0,30.5
433984,24,2,0,1680,2,0,0.083,70.0
434116,32,3,2,1298,4,0,0.094,40.6
434224,35,1,2,3087,4,0,0.029,88.2
434433,33,10,5,1786,4,0,0.303,54.1
434551,8,0,0,363,1,0,0.0,45.4
434675,36,7,5,2749,3,0,0.194,76.4
434990,1,0,0,12,0,0,0.0,12.0
435228,25,0,1,1907,5,0,0.0,76.3
435338,32,3,4,2751,4,0,0.094,86.0
435492,24,5,2,978,3,0,0.208,40.8
435493,4,0,0,99,1,0,0.0,24.8
435648,24,2,1,609,3,0,0.083,25.4
435772,31,3,5,2190,4,0,0.097,70.6
435796,11,0,0,804,0,0,0.0,73.1
436064,31,0,3,2023,3,0,0.0,65.3
438001,29,3,2,2553,4,0,0.103,88.0
439022,13,1,0,937,3,0,0.077,72.1
441170,31,1,1,2554,4,0,0.032,82.4
441515,2,0,0,135,0,0,0.0,67.5
441986,23,3,2,1922,2,0,0.13,83.6
442248,4,0,0,321,1,0,0.0,80.2
442703,37,1,0,3215,10,0,0.027,86.9
442891,18,4,1,671,1,0,0.222,37.3
443331,20,1,0,1187,4,0,0.05,59.4
443710,34,2,6,2746,1,0,0.059,80.8
444523,18,4,1,1522,5,0,0.222,84.6
445126,34,0,2,2646,2,0,0.0,77.8
445939,21,3,3,699,3,0,0.143,33.3
447661,21,1,0,922,3,0,0.048,43.9
447823,3,0,1,225,0,0,0.0,75.0
448177,3,0,0,60,0,0,0.0,20.0
448258,27,1,4,1587,3,0,0.037,58.8
448628,25,0,1,1807,3,0,0.0,72.3
448632,26,0,0,2340,1,0,0.0,90.0
448705,31,0,1,2790,2,0,0.0,90.0
449151,20,3,1,675,1,0,0.15,33.8
449592,28,1,2,1852,6,0,0.036,66.1
449597,19,1,0,676,2,0,0.053,35.6
449796,35,3,2,3073,11,0,0.086,87.8
450050,26,1,1,1250,5,0,0.038,48.1
450936,8,0,1,272,0,0,0.0,34.0
451276,36,6,7,3233,8,0,0.167,89.8
451801,3,0,0,78,0,0,0.0,26.0
452477,9,1,1,449,1,0,0.111,49.9
452483,36,1,1,2953,7,0,0.028,82.0
453016,10,0,0,520,3,0,0.0,52.0
453870,14,1,3,884,0,0,0.071,63.1
454386,14,1,1,486,1,0,0.071,34.7
454863,28,2,1,1419,2,0,0.071,50.7
455181,36,10,1,2485,3,0,0.278,69.0
455661,34,8,3,2004,0,0,0.235,58.9
457673,14,2,2,1016,3,0,0.143,72.6
457674,3,0,0,53,0,0,0.0,17.7
457736,29,4,3,1138,4,0,0.138,39.2
457931,10,0,0,470,1,0,0.0,47.0
459128,26,2,1,1034,2,0,0.077,39.8
459151,28,3,4,1521,3,0,0.107,54.3
459463,32,11,3,2595,5,0,0.344,81.1
459658,36,3,4,2796,3,0,0.083,77.7
459665,28,0,1,1400,5,0,0.0,50.0
459763,37,0,0,3330,0,0,0.0,90.0
459988,27,5,1,1272,4,0,0.185,47.1
460245,22,1,0,1789,6,0,0.045,81.3
460939,28,5,2,1636,2,0,0.179,58.4
461607,34,21,5,2705,3,0,0.618,79.6
461617,25,1,1,811,2,0,0.04,32.4
461883,30,1,1,2532,5,0,0.033,84.4
462070,19,0,0,1020,6,0,0.0,53.7
462348,24,4,0,1151,1,0,0.167,48.0
462823,30,5,1,1598,0,0,0.167,53.3
463600,17,0,0,1530,0,0,0.0,90.0
463603,8,0,0,471,2,0,0.0,58.9
463605,18,0,0,1275,1,0,0.0,70.8
463613,31,8,3,2610,1,0,0.258,84.2
463618,35,3,3,2453,2,0,0.086,70.1
463620,24,5,0,1012,0,0,0.208,42.2
463665,35,3,1,2961,1,0,0.086,84.6
464195,13,0,0,659,0,0,0.0,50.7
464469,27,0,0,2113,0,0,0.0,78.3
465555,38,0,0,3420,3,0,0.0,90.0
465717,34,1,4,2805,6,0,0.029,82.5
465830,16,2,1,1430,5,0,0.125,89.4
465967,25,1,1,635,2,0,0.04,25.4
466783,10,0,0,900,0,0,0.0,90.0
466794,34,1,2,2730,6,0,0.029,80.3
466801,24,1,2,1182,3,0,0.042,49.2
466802,32,3,2,2494,0,0,0.094,77.9
466805,25,1,0,1567,6,0,0.04,62.7
466807,1,0,0,8,0,0,0.0,8.0
466810,25,11,0,1085,1,0,0.44,43.4
467434,31,0,4,2639,8,0,0.0,85.1
467437,29,6,1,1677,2,0,0.207,57.8
467563,19,0,0,1347,3,0,0.0,70.9
467623,26,3,2,1372,4,0,0.115,52.8
467632,30,2,4,2498,6,0,0.067,83.3
467992,31,1,4,1297,3,0,0.032,41.8
469050,35,1,2,2972,7,0,0.029,84.9
469669,5,0,0,65,2,0,0.0,13.0
469781,37,0,5,3290,8,0,0.0,88.9
469822,16,3,3,925,3,0,0.188,57.8
470038,33,5,0,2350,2,0,0.152,71.2
470394,17,3,2,1402,5,0,0.176,82.5
470607,34,2,1,1723,6,0,0.059,50.7
470794,8,0,0,415,2,0,0.0,51.9
471055,27,4,1,1655,2,0,0.148,61.3
471936,1,0,0,87,0,0,0.0,87.0
472249,26,3,1,1548,4,0,0.115,59.5
472423,29,2,5,1960,4,0,0.069,67.6
473050,35,8,4,2758,6,0,0.229,78.8
473169,31,7,1,1934,6,0,0.226,62.4
474662,33,1,2,2697,3,0,0.03,81.7
474701,31,5,4,2484,6,0,0.161,80.1
474800,17,0,1,1366,7,0,0.0,80.4
475188,31,8,6,2638,6,0,0.258,85.1
475410,27,2,2,1610,3,0,0.074,59.6
475411,25,0,1,1726,5,0,0.0,69.0
475413,9,0,0,462,1,0,0.0,51.3
475959,18,2,2,1374,2,0,0.111,76.3
476219,1,0,0,43,0,0,0.0,43.0
476701,22,0,0,881,1,0,0.0,40.0
476836,28,4,4,2424,8,0,0.143,86.6
477758,25,0,3,2084,4,0,0.0,83.4
478573,36,5,3,2996,5,0,0.139,83.2
479638,15,0,0,526,2,0,0.0,35.1
479648,34,4,5,2067,2,0,0.118,60.8
479999,33,7,2,1900,1,0,0.212,57.6
480116,35,1,1,2998,4,0,0.029,85.7
480267,24,3,0,1061,2,0,0.125,44.2
480692,32,15,17,2451,5,0,0.469,76.6
480762,18,0,0,1231,0,0,0.0,68.4
480763,13,0,0,936,2,0,0.0,72.0
481513,27,2,2,2274,10,0,0.074,84.2
483046,26,2,4,1855,1,0,0.077,71.3
483348,30,0,0,2056,4,0,0.0,68.5
484547,21,0,2,1040,1,0,0.0,49.5
484988,2,0,0,28,0,0,0.0,14.0
485583,8,0,0,428,0,0,0.0,53.5
485585,30,0,2,1599,2,0,0.0,53.3
485706,25,2,0,1764,3,0,0.08,70.6
485747,4,0,0,187,1,0,0.0,46.8
485960,27,0,1,2252,2,0,0.0,83.4
485963,30,5,2,2143,8,0,0.167,71.4
485965,29,0,1,2303,2,0,0.0,79.4
486031,26,5,0,1471,4,0,0.192,56.6
486046,12,0,0,1051,0,0,0.0,87.6
486049,30,5,7,1786,0,0,0.167,59.5
487465,34,5,6,2643,2,0,0.147,77.7
487469,29,1,7,2121,2,0,0.034,73.1
487474,31,3,5,2098,3,0,0.097,67.7
487843,38,7,2,2346,2,0,0.184,61.7
487850,7,0,0,144,1,0,0.0,20.6
487969,30,1,1,1669,3,0,0.033,55.6
488362,35,3,1,1856,4,0,0.086,53.0
488626,26,0,1,1504,3,0,0.0,57.8
488785,31,2,0,2413,8,0,0.065,77.8
488935,1,0,0,90,0,0,0.0,90.0
488996,8,0,0,140,0,0,0.0,17.5
489359,28,2,0,1318,1,0,0.071,47.1
490384,26,1,1,1798,1,0,0.038,69.2
490423,20,0,1,931,2,0,0.0,46.6
490426,18,0,1,1011,2,0,0.0,56.2
490606,5,0,0,450,1,0,0.0,90.0
490609,4,0,0,291,0,0,0.0,72.8
492319,9,0,0,810,1,0,0.0,90.0
493003,29,4,3,2404,7,0,0.138,82.9
493513,2,0,0,180,0,0,0.0,90.0
493702,10,0,0,260,1,0,0.0,26.0
494237,32,6,0,1159,2,0,0.188,36.2
494880,15,0,0,938,6,0,0.0,62.5
495621,36,2,3,3117,9,0,0.056,86.6
495625,31,1,0,2165,7,0,0.032,69.8
495666,31,1,0,2615,2,0,0.032,84.4
495667,36,6,5,2748,4,0,0.167,76.3
495752,4,0,0,25,0,0,0.0,6.2
495839,15,0,0,1320,3,0,0.0,88.0
496094,28,7,4,1196,5,0,0.25,42.7
496706,29,0,1,2610,3,0,0.0,90.0
496745,18,1,4,884,1,0,0.056,49.1
496857,19,0,0,366,1,0,0.0,19.3
497291,27,1,1,1177,3,0,0.037,43.6
498237,22,1,0,1787,6,0,0.045,81.2
500053,27,11,3,1569,3,0,0.407,58.1
500067,27,1,1,922,0,0,0.037,34.1
500689,21,1,1,916,0,0,0.048,43.6
501418,27,1,1,1084,4,0,0.037,40.1
501709,2,0,0,8,0,0,0.0,4.0
502670,28,8,4,1482,1,0,0.286,52.9
502676,10,0,0,868,0,0,0.0,86.8
502722,22,3,1,1019,1,0,0.136,46.3
502821,26,1,2,1708,5,0,0.038,65.7
503075,28,1,0,1965,5,0,0.036,70.2
503160,30,5,2,2078,2,0,0.167,69.3
503482,25,1,1,1605,1,0,0.04,64.2
503680,37,2,3,3206,6,0,0.054,86.6
503686,29,2,2,2148,4,0,0.069,74.1
503733,26,6,2,1814,3,0,0.231,69.8
503743,37,10,7,3285,7,0,0.27,88.8
503749,28,2,3,1445,3,0,0.071,51.6
503770,30,13,5,2247,4,0,0.433,74.9
503866,11,1,2,596,1,0,0.091,54.2
503871,36,1,0,3089,5,0,0.028,85.8
503881,16,0,0,692,2,0,0.0,43.2
503883,32,0,0,2880,0,0,0.0,90.0
503981,17,0,1,1328,1,0,0.0,78.1
503987,26,3,1,1217,0,0,0.115,46.8
503991,20,1,0,651,1,0,0.05,32.6
504085,1,0,0,13,0,0,0.0,13.0
504148,2,0,0,25,0,0,0.0,12.5
504153,32,2,3,2611,8,0,0.062,81.6
504215,19,1,1,509,1,0,0.053,26.8
504849,25,3,1,1722,5,0,0.12,68.9
505219,38,2,7,3414,12,0,0.053,89.8
505493,8,0,0,534,3,0,0.0,66.8
505653,28,2,6,805,3,0,0.071,28.8
505674,22,5,1,818,2,0,0.227,37.2
506248,36,1,6,2542,9,0,0.028,70.6
507341,35,6,4,2485,4,0,0.171,71.0
507345,6,0,0,204,0,0,0.0,34.0
507486,28,0,1,1429,3,0,0.0,51.0
507496,17,1,0,529,1,0,0.059,31.1
509022,21,2,0,1090,3,0,0.095,51.9
513031,30,0,0,1061,3,0,0.0,35.4
513245,13,0,0,374,2,0,0.0,28.8
514285,21,0,5,1830,1,0,0.0,87.1
514888,34,1,1,1834,2,0,0.029,53.9
515544,38,2,1,3039,9,0,0.053,80.0
516716,26,4,3,2175,5,0,0.154,83.7
517753,33,1,0,2115,3,0,0.03,64.1
517842,21,1,0,843,1,0,0.048,40.1
517894,33,10,4,2503,4,0,0.303,75.8
518505,32,7,9,2379,4,0,0.219,74.3
518644,27,6,1,1226,4,0,0.222,45.4
519872,18,1,1,645,4,0,0.056,35.8
520530,12,0,0,507,2,0,0.0,42.2
520624,29,9,6,2460,6,0,0.31,84.8
520840,21,0,0,1761,5,0,0.0,83.9
521407,33,4,1,1211,3,0,0.121,36.7
521964,35,4,0,2964,4,0,0.114,84.7
522223,25,0,2,576,2,0,0.0,23.0
522784,29,8,3,2090,8,0,0.276,72.1
523318,38,14,2,2278,0,0,0.368,59.9
524000,31,1,0,2563,8,0,0.032,82.7
524010,24,0,0,456,2,0,0.0,19.0
524285,22,0,2,1293,1,0,0.0,58.8
524290,33,10,9,2358,2,0,0.303,71.5
525140,24,3,1,908,1,0,0.125,37.8
525155,25,0,0,2191,2,0,0.0,87.6
525247,21,0,0,1558,4,0,0.0,74.2
525299,28,1,1,1484,0,0,0.036,53.0
525438,2,0,0,180,0,0,0.0,90.0
525578,29,2,1,1994,9,0,0.069,68.8
525704,11,0,1,512,2,0,0.0,46.5
526050,27,3,3,1526,6,0,0.111,56.5
526466,10,0,0,499,1,0,0.0,49.9
526845,34,0,0,3060,1,0,0.0,90.0
527966,35,0,4,2804,9,0,0.0,80.1
527972,2,0,0,50,0,0,0.0,25.0
528181,17,0,0,1530,1,0,0.0,90.0
528833,26,2,2,1022,1,0,0.077,39.3
529895,21,0,0,1253,4,0,0.0,59.7
530173,24,3,0,1389,1,0,0.125,57.9
530298,9,0,0,405,0,0,0.0,45.0
530742,24,1,0,1182,0,0,0.042,49.2
531065,11,1,0,814,1,0,0.091,74.0
531404,35,1,2,2514,3,0,0.029,71.8
531949,13,3,1,842,1,0,0.231,64.8
532775,29,2,1,2396,4,0,0.069,82.6
532776,31,3,2,1082,2,0,0.097,34.9
532826,32,16,7,2471,4,0,0.5,77.2
532937,36,1,0,3217,2,0,0.028,89.4
533295,25,4,3,1634,4,0,0.16,65.4
533354,10,0,0,792,3,0,0.0,79.2
533568,36,2,1,3240,3,0,0.056,90.0
533738,35,6,4,1784,0,0,0.171,51.0
534033,37,2,4,2663,7,0,0.054,72.0
535820,22,1,0,634,3,0,0.045,28.8
535955,23,0,0,1471,5,0,0.0,64.0
536482,27,5,0,1167,3,0,0.185,43.2
536508,33,2,1,2437,5,0,0.061,73.8
536835,32,2,4,2346,2,0,0.062,73.3
537382,29,0,3,1587,5,0,0.0,54.7
537598,29,7,5,2217,2,0,0.241,76.4
537602,20,1,0,994,2,0,0.05,49.7
538006,26,0,0,1686,3,0,0.0,64.8
538079,2,0,0,180,0,0,0.0,90.0
538874,10,2,0,489,0,0,0.2,48.9
538918,36,7,5,2702,6,0,0.194,75.1
538964,23,2,3,804,2,0,0.087,35.0
538971,15,0,1,679,0,0,0.0,45.3
538977,32,3,4,1791,2,0,0.094,56.0
538996,12,0,0,646,5,0,0.0,53.8
538998,14,0,0,374,2,0,0.0,26.7
539134,21,2,1,952,1,0,0.095,45.3
539232,31,2,1,2013,4,0,0.065,64.9
539665,23,0,0,1248,1,0,0.0,54.3
539795,13,3,0,1006,2,0,0.231,77.4
539798,14,0,1,900,1,0,0.0,64.3
540056,24,0,1,933,1,0,0.0,38.9
540333,11,0,0,445,1,0,0.0,40.5
540536,21,5,0,1257,1,0,0.238,59.9
540664,17,1,5,657,1,0,0.059,38.6
540941,33,4,4,2058,0,0,0.121,62.4
541231,32,0,2,2761,2,0,0.0,86.3
541555,30,1,2,2545,7,0,0.033,84.8
541628,7,1,0,165,0,0,0.143,23.6
542452,27,0,0,2353,0,0,0.0,87.1
543051,1,0,0,1,0,0,0.0,1.0
543499,19,2,6,1546,3,0,0.105,81.4
543666,6,0,0,533,0,0,0.0,88.8
543771,15,0,0,1136,3,0,0.0,75.7
543822,17,0,0,850,2,0,0.0,50.0
545332,16,1,1,534,2,0,0.062,33.4
545538,32,5,4,1760,6,0,0.156,55.0
545647,34,2,1,2693,2,0,0.059,79.2
546926,35,0,0,3064,3,0,0.0,87.5
547985,23,1,2,1528,6,0,0.043,66.4
548111,27,2,3,1572,5,0,0.074,58.2
548188,36,4,5,2871,4,0,0.111,79.8
548254,29,1,2,2404,10,0,0.034,82.9
548347,3,0,0,221,0,0,0.0,73.7
548729,4,0,0,69,0,0,0.0,17.2
549027,25,2,5,1351,2,0,0.08,54.0
549378,1,0,0,90,0,0,0.0,90.0
550106,30,4,2,1731,6,0,0.133,57.7
550108,33,2,5,1905,3,0,0.061,57.7
550550,30,6,1,1309,2,0,0.2,43.6
550580,32,3,1,1063,2,0,0.094,33.2
550957,12,0,0,758,2,0,0.0,63.2
551505,33,6,9,2228,4,0,0.182,67.5
552057,5,0,0,37,0,0,0.0,7.4
552425,36,0,4,3029,9,0,0.0,84.1
552472,32,0,1,1032,3,0,0.0,32.2
552955,16,0,2,896,2,0,0.0,56.0
553285,29,8,2,1960,1,0,0.276,67.6
553875,34,1,2,2798,10,0,0.029,82.3
555076,10,0,2,583,0,0,0.0,58.3
555143,17,0,0,448,2,0,0.0,26.4
555500,28,0,2,1598,3,0,0.0,57.1
555820,25,1,0,1460,8,0,0.04,58.4
556385,20,0,1,1342,4,0,0.0,67.1
557057,19,1,1,1007,1,0,0.053,53.0
557149,27,3,4,1522,3,0,0.111,56.4
557407,24,1,5,1179,1,0,0.042,49.1
557459,35,4,1,3043,9,0,0.114,86.9
557612,27,3,2,1229,0,0,0.111,45.5
557613,33,1,6,2532,2,0,0.03,76.7
559263,6,1,0,100,0,0,0.167,16.7
559328,10,4,2,440,3,0,0.4,44.0
559979,23,0,2,1441,10,0,0.0,62.7
560417,26,4,0,1133,3,0,0.154,43.6
560483,13,3,0,367,3,0,0.231,28.2
560593,25,1,2,1694,5,0,0.04,67.8
560705,18,0,1,705,2,0,0.0,39.2
561613,30,0,0,2700,1,0,0.0,90.0
562742,33,0,0,2970,4,0,0.0,90.0
562948,6,0,0,284,0,0,0.0,47.3
563137,32,6,1,1293,1,0,0.188,40.4
563963,12,1,0,1080,3,0,0.083,90.0
564305,38,1,2,3057,4,0,0.026,80.4
564545,29,5,3,2576,7,0,0.172,88.8
564785,32,4,4,2458,9,0,0.125,76.8
565093,38,0,0,3420,3,0,0.0,90.0
565424,20,2,0,774,1,0,0.1,38.7
565821,32,2,2,1063,0,0,0.062,33.2
565822,5,0,0,110,0,0,0.0,22.0
566615,36,1,2,2768,1,0,0.028,76.9
566723,32,15,21,2320,8,0,0.469,72.5
566799,4,0,0,360,0,0,0.0,90.0
566931,29,2,5,1847,5,0,0.069,63.7
567129,30,0,0,1919,5,0,0.0,64.0
567576,38,4,4,3335,8,0,0.105,87.8
568005,7,0,0,137,0,0,0.0,19.6
568006,8,0,0,320,2,0,0.0,40.0
568157,36,2,3,2252,4,0,0.056,62.6
568158,25,0,1,1713,3,0,0.0,68.5
568177,26,10,1,1965,5,0,0.385,75.6
568333,35,0,3,2782,8,0,0.0,79.5
568559,10,0,0,516,0,0,0.0,51.6
568617,7,0,0,619,1,0,0.0,88.4
568693,26,2,4,1389,3,0,0.077,53.4
568696,14,0,2,971,2,0,0.0,69.4
568698,34,8,5,2949,3,0,0.235,86.7
568728,8,0,0,707,0,0,0.0,88.4
568835,27,1,5,1864,3,0,0.037,69.0
569031,5,0,0,134,2,0,0.0,26.8
569033,22,2,0,534,1,0,0.091,24.3
569140,32,12,4,2781,8,0,0.375,86.9
569383,18,1,1,1490,5,0,0.056,82.8
569384,34,1,3,2693,11,0,0.029,79.2
569387,8,1,1,53,0,0,0.125,6.6
569389,33,8,2,2145,5,0,0.242,65.0
569598,33,2,3,2217,4,0,0.061,67.2
569845,26,0,2,1779,7,0,0.0,68.4
569939,29,0,1,1704,8,0,0.0,58.8
570336,3,0,0,13,0,0,0.0,4.3
571020,28,4,0,1804,3,0,0.143,64.4
571271,28,0,1,1665,8,0,0.0,59.5
571604,24,3,1,1817,2,0,0.125,75.7
571607,23,1,2,605,1,0,0.043,26.3
571743,24,1,1,849,0,0,0.042,35.4
572265,20,2,0,528,1,0,0.1,26.4
572326,2,0,0,64,0,0,0.0,32.0
573775,36,10,0,1982,4,0,0.278,55.1
574201,8,1,0,111,1,0,0.125,13.9
574671,34,5,1,2870,4,0,0.147,84.4
575998,26,0,1,1998,5,0,0.0,76.8
576024,29,8,4,1903,2,0,0.276,65.6
576028,27,3,1,1312,2,0,0.111,48.6
576314,36,3,3,3211,9,0,0.083,89.2
578391,17,0,2,976,2,0,0.0,57.4
578392,32,9,9,2037,3,0,0.281,63.7
578419,33,9,1,2451,5,0,0.273,74.3
578421,16,1,2,768,4,0,0.062,48.0
578539,33,1,0,2826,4,0,0.03,85.6
579287,33,2,2,2453,0,0,0.061,74.3
579459,30,1,2,2440,10,0,0.033,81.3
579565,31,1,3,1812,6,0,0.032,58.5
579928,19,7,2,1047,0,0,0.368,55.1
579930,38,7,9,2614,4,0,0.184,68.8
580195,15,3,4,679,1,0,0.2,45.3
580451,29,6,3,1569,0,0,0.207,54.1
580560,22,0,0,1734,3,0,0.0,78.8
580657,18,1,2,495,0,0,0.056,27.5
581326,5,0,0,281,0,0,0.0,56.2
581357,31,3,3,2260,5,0,0.097,72.9
581669,11,0,0,626,1,0,0.0,56.9
581672,5,0,0,107,0,0,0.0,21.4
581678,28,6,4,1918,3,0,0.214,68.5
582664,9,0,1,161,0,0,0.0,17.9
583046,13,2,3,881,0,0,0.154,67.8
583189,32,0,1,1313,0,0,0.0,41.0
583199,14,0,1,289,1,0,0.0,20.6
583255,37,17,4,3205,7,0,0.459,86.6
583404,29,1,3,2135,3,0,0.034,73.6
583510,12,1,0,198,0,0,0.083,16.5
583699,32,5,10,2257,5,0,0.156,70.5
584769,22,0,1,1169,1,0,0.0,53.1
585323,5,0,0,378,0,0,0.0,75.6
585949,37,2,5,3282,2,0,0.054,88.7
585959,28,6,1,1509,4,0,0.214,53.9
585973,27,0,1,2175,4,0,0.0,80.6
585982,34,1,2,1753,6,0,0.029,51.6
586853,35,5,2,2242,5,0,0.143,64.1
586984,15,0,0,593,2,0,0.0,39.5
587002,1,0,0,1,0,0,0.0,1.0
587019,1,0,0,26,0,0,0.0,26.0
588426,35,1,1,3090,3,0,0.029,88.3
588989,23,1,0,1124,1,0,0.043,48.9
590690,21,2,1,1040,1,0,0.095,49.5
591193,11,0,1,349,3,0,0.0,31.7
591916,19,2,0,1629,4,0,0.105,85.7
591949,21,0,0,686,1,0,0.0,32.7
591957,30,0,3,2152,7,0,0.0,71.7
592387,31,0,0,2505,5,0,0.0,80.8
592534,32,0,3,2880,11,0,0.0,90.0
592975,20,0,0,1049,2,0,0.0,52.4
592979,21,2,0,1081,2,0,0.095,51.5
593412,36,6,2,2461,2,0,0.167,68.4
593482,24,5,3,1766,6,0,0.208,73.6
595650,34,4,0,1715,1,0,0.118,50.4
595809,37,9,1,1565,3,0,0.243,42.3
596122,33,1,2,2681,4,0,0.03,81.2
596153,33,5,0,1955,2,0,0.152,59.2
597000,31,2,2,2564,10,0,0.065,82.7
597432,31,3,0,2704,6,0,0.097,87.2
597659,29,3,2,2533,8,0,0.103,87.3
598577,33,5,4,2390,1,0,0.152,72.4
599231,30,9,3,1663,4,0,0.3,55.4
599419,12,0,0,489,0,0,0.0,40.8
599663,5,0,0,88,0,0,0.0,17.6
599733,31,0,1,2581,3,0,0.0,83.3
600041,12,2,1,408,3,0,0.167,34.0
600936,14,0,0,200,1,0,0.0,14.3
601143,21,0,1,652,3,0,0.0,31.0
601883,34,1,7,2865,5,0,0.029,84.3
602105,32,8,6,2460,6,0,0.25,76.9
603675,18,1,0,712,0,0,0.056,39.6
603696,37,4,1,2480,4,0,0.108,67.0
604113,21,1,0,1700,3,0,0.048,81.0
604207,1,0,0,90,1,0,0.0,90.0
605184,23,0,1,1819,5,0,0.0,79.1
605265,23,1,0,1616,0,0,0.043,70.3
605268,31,11,2,1563,0,0,0.355,50.4
605426,3,0,0,270,0,0,0.0,90.0
606718,19,0,0,1427,2,0,0.0,75.1
607034,32,10,3,2060,3,0,0.312,64.4
607223,33,4,12,1786,1,0,0.121,54.1
607224,27,1,4,1231,10,0,0.037,45.6
607226,29,2,1,1270,2,0,0.069,43.8
607720,14,0,0,1110,0,0,0.0,79.3
607854,30,2,1,2235,3,0,0.067,74.5
608172,14,0,1,700,0,0,0.0,50.0
608832,18,1,0,743,0,0,0.056,41.3
609556,24,7,0,811,0,0,0.292,33.8
610083,16,0,0,818,3,0,0.0,51.1
610400,9,0,1,219,1,0,0.0,24.3
610428,4,1,0,40,0,0,0.25,10.0
610442,33,12,6,2762,1,0,0.364,83.7
610622,13,1,0,182,2,0,0.077,14.0
610795,15,0,1,1261,3,0,0.0,84.1
610849,28,1,1,1101,4,0,0.036,39.3
611793,29,0,3,2104,5,0,0.0,72.6
612517,20,0,2,1578,6,0,0.0,78.9
612826,8,1,0,335,1,0,0.125,41.9
613192,26,3,1,1594,2,0,0.115,61.3
613393,20,1,0,858,1,0,0.05,42.9
614258,3,0,0,225,0,0,0.0,75.0
615350,25,0,0,1793,2,0,0.0,71.7
616341,20,4,5,1250,1,0,0.2,62.5
616344,27,5,3,1013,4,0,0.185,37.5
616369,30,3,5,1769,5,0,0.1,59.0
616631,26,0,3,1775,4,0,0.0,68.3
617059,2,0,0,180,0,0,0.0,90.0
617074,36,2,3,2489,8,0,0.056,69.1
617081,34,4,1,1763,2,0,0.118,51.9
617755,11,0,0,814,0,0,0.0,74.0
618341,31,0,0,2482,4,0,0.0,80.1
618472,26,1,0,2177,3,0,0.038,83.7
618494,29,2,2,2524,6,0,0.069,87.0
618809,33,1,2,2818,8,0,0.03,85.4
618813,11,0,0,452,1,0,0.0,41.1
619461,18,1,2,677,3,0,0.056,37.6
620164,37,0,3,1943,1,0,0.0,52.5
620217,29,1,0,2251,5,0,0.034,77.6
620295,32,0,0,2880,1,0,0.0,90.0
620313,15,0,0,1276,5,0,0.0,85.1
620322,34,2,3,2268,3,0,0.059,66.7
620598,8,0,0,376,1,0,0.0,47.0
620696,10,2,0,581,1,0,0.2,58.1
621802,16,1,3,1255,3,0,0.062,78.4
621993,25,1,0,1352,4,0,0.04,54.1
622380,33,6,0,1990,5,0,0.182,60.3
622988,29,2,1,1233,4,0,0.069,42.5
623024,24,0,0,961,2,0,0.0,40.0
623570,32,6,3,2789,2,0,0.188,87.2
623773,33,0,2,2284,2,0,0.0,69.2
624037,33,2,1,2777,2,0,0.061,84.2
624258,15,0,2,933,5,0,0.0,62.2
624690,29,2,3,2459,2,0,0.069,84.8
624942,14,0,2,623,0,0,0.0,44.5
625014,18,0,0,1620,1,0,0.0,90.0
625047,2,0,0,85,1,0,0.0,42.5
625202,27,0,0,2251,7,0,0.0,83.4
625651,36,0,1,2631,7,0,0.0,73.1
625657,1,0,0,90,1,0,0.0,90.0
625660,33,1,5,1730,2,0,0.03,52.4
626724,35,15,8,2674,5,0,0.429,76.4
626913,27,1,2,1250,1,0,0.037,46.3
626953,25,0,2,1984,2,0,0.0,79.4
627228,19,2,3,995,4,0,0.105,52.4
627290,21,1,0,652,3,0,0.048,31.0
627442,30,11,1,1637,2,0,0.367,54.6
627626,23,0,3,524,3,0,0.0,22.8
628365,25,0,0,860,3,0,0.0,34.4
628366,27,1,2,1366,1,0,0.037,50.6
628451,12,0,0,377,0,0,0.0,31.4
628487,1,0,0,90,0,0,0.0,90.0
628498,26,1,0,921,1,0,0.038,35.4
628886,32,7,2,2280,5,0,0.219,71.2
631002,36,7,1,1013,2,0,0.194,28.1
631007,36,2,0,3012,6,0,0.056,83.7
631821,27,9,1,1960,4,0,0.333,72.6
631927,25,2,5,1345,4,0,0.08,53.8
632349,28,4,0,2302,9,0,0.143,82.2
632741,23,3,1,898,1,0,0.13,39.0
632831,28,0,1,1761,3,0,0.0,62.9
632896,24,0,2,1110,2,0,0.0,46.2
633530,17,0,2,1128,3,0,0.0,66.4
633668,29,2,0,1168,2,0,0.069,40.3
633992,36,5,6,2936,5,0,0.139,81.6
634131,31,0,2,2154,6,0,0.0,69.5
634431,27,0,3,1347,7,0,0.0,49.9
635645,24,0,0,1676,5,0,0.0,69.8
636093,8,0,0,610,1,0,0.0,76.2
636688,28,0,2,1875,2,0,0.0,67.0
636695,24,0,1,981,1,0,0.0,40.9
636703,30,6,9,1798,3,0,0.2,59.9
637803,12,0,2,585,0,0,0.0,48.8
638124,14,0,0,759,2,0,0.0,54.2
638793,34,7,1,1821,8,0,0.206,53.6
639712,9,0,0,416,2,0,0.0,46.2
639733,26,2,1,978,7,0,0.077,37.6
640109,29,8,2,2301,5,0,0.276,79.3
640428,29,1,0,1526,2,0,0.034,52.6
640556,14,0,1,1132,0,0,0.0,80.9
641537,18,1,2,784,2,0,0.056,43.6
642002,3,0,0,24,0,0,0.0,8.0
643574,34,1,3,3060,1,0,0.029,90.0
644032,20,0,1,978,1,0,0.0,48.9
644401,36,3,3,1970,1,0,0.083,54.7
644408,26,0,0,1527,3,0,0.0,58.7
644613,5,0,0,81,0,0,0.0,16.2
644771,19,1,0,985,1,0,0.053,51.8
645686,28,0,0,1048,5,0,0.0,37.4
645774,22,3,3,1381,4,0,0.136,62.8
646402,26,3,2,2157,4,0,0.115,83.0
646733,6,1,0,127,0,0,0.167,21.2
646740,11,0,1,574,3,0,0.0,52.2
646747,16,1,3,1123,1,0,0.062,70.2
646750,20,0,0,989,4,0,0.0,49.4
646824,4,0,0,95,0,0,0.0,23.8
646829,15,0,0,833,0,0,0.0,55.5
646991,35,0,0,3150,4,0,0.0,90.0
647280,14,4,1,1204,1,0,0.286,86.0
647435,36,2,6,2433,5,0,0.056,67.6
648020,9,0,0,510,0,0,0.0,56.7
648046,16,3,2,776,1,0,0.188,48.5
648195,36,10,4,3121,10,0,0.278,86.7
649020,20,1,0,1392,4,0,0.05,69.6
649023,2,0,0,135,1,0,0.0,67.5
649026,31,0,1,2716,5,0,0.0,87.6
649490,27,2,0,521,3,0,0.074,19.3
649672,26,1,3,2010,10,0,0.038,77.3
651005,33,3,0,1874,2,0,0.091,56.8
651569,22,0,2,585,1,0,0.0,26.6
651973,13,1,1,374,0,0,0.077,28.8
652054,19,0,0,1324,3,0,0.0,69.7
652061,21,1,0,925,3,0,0.048,44.0
652275,32,8,3,2477,6,0,0.25,77.4
652331,26,2,6,1405,6,0,0.077,54.0
653610,30,6,6,1985,3,0,0.2,66.2
654234,28,6,1,1747,3,0,0.214,62.4
654539,38,1,5,3380,5,0,0.026,88.9
654982,25,4,5,1635,6,0,0.16,65.4
654991,26,3,4,1169,0,0,0.115,45.0
655006,27,4,7,2045,4,0,0.148,75.7
655207,1,0,0,9,0,0,0.0,9.0
655217,23,2,1,1827,2,0,0.087,79.4
655488,30,1,4,1073,3,0,0.033,35.8
656441,3,0,0,42,0,0,0.0,14.0
656681,11,0,2,326,1,0,0.0,29.6
657430,34,7,2,2707,11,0,0.206,79.6
658115,28,1,2,1619,5,0,0.036,57.8
658533,8,0,0,532,2,0,0.0,66.5
658534,17,0,0,308,1,0,0.0,18.1
658536,28,4,3,1520,2,0,0.143,54.3
659089,28,1,0,2387,6,0,0.036,85.2
659459,28,2,0,907,2,0,0.071,32.4
659513,16,0,0,1339,3,0,0.0,83.7
659516,27,0,0,1770,5,0,0.0,65.6
659518,11,0,2,555,1,0,0.0,50.5
659520,20,0,4,588,4,0,0.0,29.4
659542,24,5,2,1249,6,0,0.208,52.0
659543,32,6,5,2497,6,0,0.188,78.0
659648,1,0,0,7,0,0,0.0,7.0
659813,26,1,2,1882,2,0,0.038,72.4
660438,20,9,0,830,5,0,0.45,41.5
660735,1,0,0,9,0,0,0.0,9.0
660860,18,0,2,1364,3,0,0.0,75.8
660867,27,3,6,1893,2,0,0.111,70.1
661053,10,1,1,681,1,0,0.1,68.1
661145,35,1,0,2779,10,0,0.029,79.4
661171,23,0,0,1915,0,0,0.0,83.3
661207,23,0,1,1037,1,0,0.0,45.1
661212,9,0,0,472,0,0,0.0,52.4
661427,22,0,2,1048,1,0,0.0,47.6
662242,33,4,4,2577,2,0,0.121,78.1
662261,23,1,0,1980,1,0,0.043,86.1
663237,16,0,0,776,2,0,0.0,48.5
663244,1,0,0,11,0,0,0.0,11.0
663581,24,0,0,1771,5,0,0.0,73.8
663900,9,0,0,495,1,0,0.0,55.0
664708,20,0,1,987,2,0,0.0,49.4
666547,22,0,2,830,2,0,0.0,37.7
666974,9,0,0,257,1,0,0.0,28.6
667121,22,3,0,958,0,0,0.136,43.5
667251,13,1,2,547,0,0,0.077,42.1
667287,29,3,3,1925,1,0,0.103,66.4
667457,33,0,1,2838,5,0,0.0,86.0
667967,30,2,1,1330,3,0,0.067,44.3
668167,15,1,0,1155,1,0,0.067,77.0
668179,30,3,1,1898,3,0,0.1,63.3
668183,16,1,0,357,0,0,0.062,22.3
668207,34,2,2,1764,5,0,0.059,51.9
668212,1,0,0,3,0,0,0.0,3.0
668547,36,3,4,2750,8,0,0.083,76.4
668606,25,4,3,1637,3,0,0.16,65.5
668951,33,6,5,2162,1,0,0.182,65.5
669380,29,4,1,2481,5,0,0.138,85.6
670096,29,1,0,1954,2,0,0.034,67.4
670116,1,0,0,1,0,0,0.0,1.0
670681,21,5,1,1286,0,0,0.238,61.2
670717,3,0,0,26,2,0,0.0,8.7
670847,24,4,3,1681,1,0,0.167,70.0
670858,30,1,1,2180,5,0,0.033,72.7
670882,16,0,2,490,0,0,0.0,30.6
670883,2,0,0,7,0,0,0.0,3.5
671108,8,0,0,339,1,0,0.0,42.4
671590,25,1,1,1687,4,0,0.04,67.5
671594,24,5,4,1766,6,0,0.208,73.6
671799,3,0,1,116,0,0,0.0,38.7
672381,29,3,3,1674,2,0,0.103,57.7
672803,1,0,0,2,0,0,0.0,2.0
673492,21,1,0,1341,5,0,0.048,63.9
673514,11,0,0,780,3,0,0.0,70.9
674612,2,0,0,72,0,0,0.0,36.0
674806,37,1,2,2616,4,0,0.027,70.7
676042,32,0,3,1994,4,0,0.0,62.3
677057,23,2,0,687,1,0,0.087,29.9
677935,9,2,0,350,1,0,0.222,38.9
678406,31,1,4,1965,4,0,0.032,63.4
678479,15,0,0,725,1,0,0.0,48.3
678655,9,1,1,477,3,0,0.111,53.0
679423,32,2,2,2835,7,0,0.062,88.6
683571,33,3,1,1408,1,0,0.091,42.7
683620,1,0,0,45,0,0,0.0,45.0
683625,13,1,0,469,0,0,0.077,36.1
683840,29,2,9,2110,0,0,0.069,72.8
683895,14,0,0,1101,1,0,0.0,78.6
684210,37,8,4,2735,4,0,0.216,73.9
684315,23,1,2,1498,4,0,0.043,65.1
685484,1,0,0,9,0,0,0.0,9.0
686965,12,2,0,286,1,0,0.167,23.8
687609,29,4,2,1490,6,0,0.138,51.4
687626,33,3,1,2802,11,0,0.091,84.9
688707,18,0,0,913,3,0,0.0,50.7
689505,15,0,0,892,5,0,0.0,59.5
689637,9,0,1,554,2,0,0.0,61.6
690799,21,1,0,1723,5,0,0.048,82.0
691316,30,1,3,1621,1,0,0.033,54.0
691482,20,0,0,574,2,0,0.0,28.7
691786,16,1,0,481,3,0,0.062,30.1
691841,30,1,1,2350,7,0,0.033,78.3
691892,33,4,4,2658,3,0,0.121,80.5
691958,28,3,2,1873,2,0,0.107,66.9
692070,20,0,1,1397,5,0,0.0,69.8
692187,2,0,0,123,1,0,0.0,61.5
692208,1,0,0,45,0,0,0.0,45.0
692368,5,1,0,131,0,0,0.2,26.2
692737,30,0,2,1968,4,0,0.0,65.6
694507,28,5,0,1285,2,0,0.179,45.9
694509,3,0,0,219,1,0,0.0,73.0
695422,8,0,0,595,0,0,0.0,74.4
696164,2,0,0,16,0,0,0.0,8.0
696181,14,0,0,401,1,0,0.0,28.6
696589,29,0,3,1486,9,0,0.0,51.2
696764,12,0,0,248,1,0,0.0,20.7
697277,32,1,3,2671,6,0,0.031,83.5
697280,1,0,0,8,0,0,0.0,8.0
698164,22,0,1,1167,1,0,0.0,53.0
698259,28,3,0,2475,4,0,0.107,88.4
698678,35,1,2,2366,3,0,0.029,67.6
699233,2,0,0,46,0,0,0.0,23.0
700053,15,1,0,248,3,0,0.067,16.5
700078,15,0,0,556,0,0,0.0,37.1
700106,31,4,4,1471,3,0,0.129,47.5
701057,11,0,1,402,2,0,0.0,36.5
701757,20,1,1,629,4,0,0.05,31.4
701819,23,0,0,1086,1,0,0.0,47.2
701842,4,0,0,40,0,0,0.0,10.0
702441,24,2,2,2134,2,0,0.083,88.9
703245,12,1,3,614,2,0,0.083,51.2
704155,21,4,0,1075,2,0,0.19,51.2
704270,31,4,2,928,2,0,0.129,29.9
705063,35,0,3,2605,2,0,0.0,74.4
705395,32,0,0,2122,6,0,0.0,66.3
705813,21,0,1,805,2,0,0.0,38.3
706138,16,0,0,175,0,0,0.0,10.9
706889,1,0,0,9,0,0,0.0,9.0
706947,9,0,0,278,1,0,0.0,30.9
707063,5,0,0,300,1,0,0.0,60.0
707230,17,0,0,707,1,0,0.0,41.6
707242,16,0,0,551,1,0,0.0,34.4
707274,32,0,0,2596,7,0,0.0,81.1
707279,1,0,0,7,0,0,0.0,7.0
707295,3,0,0,35,0,0,0.0,11.7
707844,37,1,1,2994,1,0,0.027,80.9
708072,14,2,0,1026,2,0,0.143,73.3
708086,28,0,3,1164,2,0,0.0,41.6
708186,1,0,0,1,0,0,0.0,1.0
708265,29,11,2,1750,2,0,0.379,60.3
708635,23,0,3,1569,3,0,0.0,68.2
708678,1,0,0,28,0,0,0.0,28.0
709187,25,6,4,1689,2,0,0.24,67.6
709215,4,0,0,74,0,0,0.0,18.5
709372,36,6,3,3195,4,0,0.167,88.8
709380,18,0,1,349,0,0,0.0,19.4
709726,28,11,4,1811,0,0,0.393,64.7
709957,28,1,4,2025,3,0,0.036,72.3
709969,20,0,1,894,2,0,0.0,44.7
710671,14,0,0,810,1,0,0.0,57.9
710677,19,0,0,949,5,0,0.0,49.9
710679,6,1,0,155,1,0,0.167,25.8
710885,25,1,0,638,4,0,0.04,25.5
711337,36,6,3,2762,2,0,0.167,76.7
711374,30,1,3,2215,7,0,0.033,73.8
711382,7,0,0,129,0,0,0.0,18.4
711517,6,0,0,161,1,0,0.0,26.8
711544,37,1,1,3124,6,0,0.027,84.4
711625,35,1,3,2564,13,0,0.029,73.3
711969,24,0,0,1093,3,0,0.0,45.5
711976,20,1,0,569,1,0,0.05,28.4
711980,24,2,6,2064,3,0,0.083,86.0
711996,20,0,1,1608,0,0,0.0,80.4
711999,35,3,2,2351,1,0,0.086,67.2
712107,28,0,0,2520,3,0,0.0,90.0
713644,23,1,2,1270,2,0,0.043,55.2
715628,2,0,0,151,1,0,0.0,75.5
716276,27,0,0,2143,12,0,0.0,79.4
717118,23,0,1,1305,4,0,0.0,56.7
717411,37,1,2,2667,7,0,0.027,72.1
718034,30,1,4,1493,8,0,0.033,49.8
718201,23,0,1,874,3,0,0.0,38.0
718303,29,5,5,1485,0,0,0.172,51.2
719673,8,0,1,105,0,0,0.0,13.1
719999,19,1,0,1276,4,0,0.053,67.2
720038,35,4,4,1603,4,0,0.114,45.8
720518,38,7,4,2387,3,0,0.184,62.8
724104,15,0,1,674,1,0,0.0,44.9
724106,24,0,1,1027,3,0,0.0,42.8
724129,29,8,5,2382,5,0,0.276,82.1
724520,29,10,9,2255,3,0,0.345,77.8
724783,2,0,0,25,0,0,0.0,12.5
725912,7,0,0,630,0,0,0.0,90.0
726701,14,2,0,633,1,0,0.143,45.2
727089,33,0,1,2896,9,0,0.0,87.8
728485,36,0,1,3022,9,0,0.0,83.9
728733,27,2,1,2215,3,0,0.074,82.0
729814,34,14,6,2297,1,0,0.412,67.6
730484,20,2,0,1461,0,0,0.1,73.0
730581,23,0,0,1652,5,0,0.0,71.8
730861,34,2,1,2261,4,0,0.059,66.5
730893,38,1,2,3255,6,0,0.026,85.7
731491,7,0,0,111,0,0,0.0,15.9
733371,10,0,0,305,1,0,0.0,30.5
733576,37,10,6,2491,4,0,0.27,67.3
734676,4,0,0,137,1,0,0.0,34.2
735568,33,0,0,2810,8,0,0.0,85.2
735570,35,1,1,2835,10,0,0.029,81.0
735571,21,1,1,997,2,0,0.048,47.5
739443,38,22,1,3287,7,0,0.579,86.5
739769,29,9,4,2232,7,0,0.31,77.0
741142,15,1,0,1350,3,0,0.067,90.0
741238,31,1,7,1684,1,0,0.032,54.3
741253,4,1,0,299,0,0,0.25,74.8
741257,32,1,0,2372,11,0,0.031,74.1
741289,25,0,1,1332,6,0,0.0,53.3
741292,8,1,0,204,1,0,0.125,25.5
742201,31,4,6,2110,2,0,0.129,68.1
742521,12,0,0,374,0,0,0.0,31.2
743091,19,1,2,1008,2,0,0.053,53.1
743384,28,4,2,1564,0,0,0.143,55.9
743386,12,2,1,754,1,0,0.167,62.8
743387,9,1,1,209,0,0,0.111,23.2
743413,34,5,3,2649,5,0,0.147,77.9
743496,33,3,1,2839,3,0,0.091,86.0
743498,24,0,2,981,0,0,0.0,40.9
743500,26,0,4,1372,3,0,0.0,52.8
743515,33,0,1,2970,2,0,0.0,90.0
743591,24,1,2,821,2,0,0.042,34.2
743599,27,6,2,1504,5,0,0.222,55.7
743600,27,1,0,1255,4,0,0.037,46.5
743951,12,0,0,168,1,0,0.0,14.0
744149,34,1,5,2563,4,0,0.029,75.4
744728,32,2,4,2181,1,0,0.062,68.2
744857,5,0,0,71,0,0,0.0,14.2
745173,25,3,3,1382,7,0,0.12,55.3
745181,22,1,0,979,4,0,0.045,44.5
745200,31,6,7,2410,3,0,0.194,77.7
745461,19,3,1,603,0,0,0.158,31.7
746695,25,2,1,1002,4,0,0.08,40.1
746712,27,1,0,1696,2,0,0.037,62.8
746891,24,2,4,1064,4,0,0.083,44.3
746910,30,8,4,1928,2,0,0.267,64.3
747009,21,1,0,789,0,0,0.048,37.6
747720,12,3,0,687,4,0,0.25,57.2
748319,20,0,1,685,4,0,0.0,34.2
748382,34,0,1,1086,0,0,0.0,31.9
748679,2,0,0,27,0,0,0.0,13.5
749552,28,2,2,976,5,0,0.071,34.9
750878,12,0,0,1080,0,0,0.0,90.0
750904,27,3,2,1365,1,0,0.111,50.6
763079,21,0,0,1429,2,0,0.0,68.0
763182,31,1,0,1521,4,0,0.032,49.1
764859,29,5,5,1268,2,0,0.172,43.7
765467,9,0,0,441,0,0,0.0,49.0
766412,28,2,2,1902,0,0,0.071,67.9
766583,26,2,0,2203,1,0,0.077,84.7
766723,8,0,0,270,2,0,0.0,33.8
768380,28,1,1,2335,4,0,0.036,83.4
770436,30,1,0,1764,8,0,0.033,58.8
775605,23,1,1,1666,0,0,0.043,72.4
776798,21,2,2,711,3,0,0.095,33.9
776890,23,8,2,1004,2,0,0.348,43.7
777005,28,2,4,1463,1,0,0.071,52.2
780548,19,2,1,979,0,0,0.105,51.5
780630,2,0,0,86,0,0,0.0,43.0
783396,29,1,2,1023,0,0,0.034,35.3
785353,37,1,1,2248,7,0,0.027,60.8
786436,25,0,2,2077,4,0,0.0,83.1
787151,23,0,0,1306,2,0,0.0,56.8
787232,5,0,0,170,0,0,0.0,34.0
787618,12,0,0,354,2,0,0.0,29.5
787912,11,0,0,654,0,0,0.0,59.5
789082,14,0,2,613,4,0,0.0,43.8
789252,1,0,0,34,0,0,0.0,34.0
789898,15,0,0,268,0,0,0.0,17.9
792331,21,1,1,640,0,0,0.048,30.5
792380,24,3,1,1461,2,0,0.125,60.9
794349,5,1,0,327,1,0,0.2,65.4
794758,24,1,2,856,1,0,0.042,35.7
795274,8,1,1,417,0,0,0.125,52.1
796213,24,0,0,540,1,0,0.0,22.5
796297,32,0,2,1785,2,0,0.0,55.8
796589,10,0,0,477,0,0,0.0,47.7
796865,24,0,1,1532,1,0,0.0,63.8
798043,21,2,0,1024,1,0,0.095,48.8
798114,19,0,0,753,2,0,0.0,39.6
798404,21,0,1,1185,1,0,0.0,56.4
798925,26,3,1,1242,2,0,0.115,47.8
798929,29,0,1,1763,5,0,0.0,60.8
799993,17,2,3,580,1,0,0.118,34.1
800176,35,1,0,2766,12,0,0.029,79.0
801734,31,4,1,1342,1,0,0.129,43.3
802515,11,2,0,540,0,0,0.182,49.1
804219,2,1,0,180,0,0,0.5,90.0
804711,32,1,0,2719,3,0,0.031,85.0
805714,32,0,0,2478,5,0,0.0,77.4
805886,7,0,0,191,1,0,0.0,27.3
805908,21,0,2,1285,0,0,0.0,61.2
806793,26,0,0,1941,2,0,0.0,74.7
806948,3,0,0,270,0,0,0.0,90.0
807165,25,0,3,1980,5,0,0.0,79.2
807386,29,3,3,919,3,0,0.103,31.7
807688,27,2,2,2149,5,0,0.074,79.6
807689,17,5,1,1264,3,0,0.294,74.4
808348,29,3,4,2327,5,0,0.103,80.2
809498,18,2,0,677,3,0,0.111,37.6
810092,32,3,4,2454,3,0,0.094,76.7
810096,6,0,0,88,0,0,0.0,14.7
810411,28,10,5,1772,1,0,0.357,63.3
810649,13,1,1,502,2,0,0.077,38.6
810895,12,0,0,289,2,0,0.0,24.1
810909,11,0,0,265,1,0,0.0,24.1
811778,28,2,3,2334,5,0,0.071,83.4
811779,24,1,4,1268,2,0,0.042,52.8
813137,25,2,4,1285,3,0,0.08,51.4
814446,12,0,1,691,2,0,0.0,57.6
815078,20,0,1,1173,1,0,0.0,58.6
816308,16,1,2,746,3,0,0.062,46.6
816580,15,0,1,709,0,0,0.0,47.3
816585,21,8,5,1164,3,0,0.381,55.4
817665,14,0,1,828,0,0,0.0,59.1
818448,32,0,2,2600,4,0,0.0,81.2
818495,23,1,0,1904,6,0,0.043,82.8
819566,8,0,0,618,2,0,0.0,77.2
819590,11,0,0,249,2,0,0.0,22.6
819636,30,8,0,1456,1,0,0.267,48.5
820241,12,0,0,537,0,0,0.0,44.8
820374,28,1,2,1654,2,0,0.036,59.1
820723,3,0,0,36,0,0,0.0,12.0
820957,31,5,2,1292,2,0,0.161,41.7
822331,36,0,2,2828,9,0,0.0,78.6
822458,22,10,1,1219,2,0,0.455,55.4
822959,26,3,3,1294,2,0,0.115,49.8
823231,32,7,8,2282,5,0,0.219,71.3
823486,37,1,1,3264,8,0,0.027,88.2
825438,1,0,0,45,0,0,0.0,45.0
826224,35,2,3,2678,6,0,0.057,76.5
827734,33,5,6,1130,1,0,0.152,34.2
829299,3,0,0,270,0,0,0.0,90.0
829838,16,1,2,1319,0,0,0.062,82.4
829874,32,2,4,1969,3,0,0.062,61.5
830108,11,0,0,516,3,0,0.0,46.9
830265,5,1,0,119,2,0,0.2,23.8
830365,14,4,0,836,1,0,0.286,59.7
830890,25,1,0,1785,6,0,0.04,71.4
834397,33,0,0,2970,3,0,0.0,90.0
834483,1,0,0,90,0,0,0.0,90.0
834487,33,1,2,1741,4,0,0.03,52.8
834491,29,1,1,1265,6,0,0.034,43.6
834742,29,2,4,1704,2,0,0.069,58.8
834744,13,0,0,280,2,0,0.0,21.5
834752,26,1,1,933,1,0,0.038,35.9
834764,36,4,6,2070,3,0,0.111,57.5
836441,23,0,0,1830,6,0,0.0,79.6
838236,2,2,0,20,0,0,1.0,10.0
838562,10,0,0,221,0,0,0.0,22.1
842341,34,0,0,2938,1,0,0.0,86.4
843286,11,1,0,539,0,0,0.091,49.0
843595,2,0,0,135,0,0,0.0,67.5
844516,17,3,1,1205,2,0,0.176,70.9
844637,19,1,1,1382,2,0,0.053,72.7
845638,3,0,0,151,0,0,0.0,50.3
845654,36,10,7,2844,2,0,0.278,79.0
846254,8,0,0,228,0,0,0.0,28.5
846310,24,1,2,1091,2,0,0.042,45.5
848509,31,0,1,1837,3,0,0.0,59.3
848682,5,0,0,252,0,0,0.0,50.4
849410,27,2,4,2171,5,0,0.074,80.4
849520,35,7,3,2365,3,0,0.2,67.6
851220,25,3,1,1834,1,0,0.12,73.4
851385,8,0,0,443,0,0,0.0,55.4
854721,1,0,0,6,0,0,0.0,6.0
855015,28,2,9,1797,2,0,0.071,64.2
855134,2,0,0,32,0,0,0.0,16.0
855256,37,3,1,2860,5,0,0.081,77.3
855308,32,5,4,2563,3,0,0.156,80.1
856530,37,9,1,2994,5,0,0.243,80.9
857818,15,0,1,605,0,0,0.0,40.3
860053,3,0,0,25,0,0,0.0,8.3
860078,1,0,0,3,0,0,0.0,3.0
860992,21,0,0,1406,6,0,0.0,67.0
861410,33,4,9,2027,1,0,0.121,61.4
861981,19,1,1,941,0,0,0.053,49.5
862606,9,2,1,306,0,0,0.222,34.0
863204,8,1,0,447,3,0,0.125,55.9
863759,18,0,0,1175,1,0,0.0,65.3
864306,26,2,0,1928,6,0,0.077,74.2
865682,24,0,1,578,3,0,0.0,24.1
866246,23,1,3,967,2,0,0.043,42.0
866250,1,0,0,31,0,0,0.0,31.0
866579,6,0,0,90,0,0,0.0,15.0
866655,14,0,0,350,2,0,0.0,25.0
867137,31,1,1,2666,6,0,0.032,86.0
867688,27,4,4,1751,0,0,0.148,64.9
872171,20,2,1,1571,2,0,0.1,78.6
875306,1,0,0,3,0,0,0.0,3.0
875332,15,2,0,1067,2,0,0.133,71.1
875334,22,4,0,975,1,0,0.182,44.3
876298,33,1,1,1889,6,0,0.03,57.2
876631,20,2,3,1409,6,0,0.1,70.4
877124,9,0,0,614,1,0,0.0,68.2
880245,36,3,4,3026,6,0,0.083,84.1
881297,27,2,3,1358,3,0,0.074,50.3
882710,2,0,0,100,0,0,0.0,50.0
883007,4,0,0,132,0,0,0.0,33.0
883865,12,0,0,501,2,0,0.0,41.8
884820,1,0,0,14,0,0,0.0,14.0
884822,1,0,1,4,0,0,0.0,4.0
885226,23,2,0,767,3,0,0.087,33.3
885445,13,5,1,428,2,0,0.385,32.9
887638,31,2,0,2443,3,0,0.065,78.8
889435,12,0,1,739,2,0,0.0,61.6
890290,28,2,2,2037,7,0,0.071,72.8
890385,13,0,0,829,1,0,0.0,63.8
890719,15,2,1,487,1,0,0.133,32.5
890721,20,0,0,698,3,0,0.0,34.9
891923,2,0,0,71,0,0,0.0,35.5
891998,25,1,0,2098,5,0,0.04,83.9
892160,28,6,1,2442,6,0,0.214,87.2
892221,20,0,2,1342,3,0,0.0,67.1
892929,28,4,2,1337,2,0,0.143,47.8
892932,19,1,0,1310,3,0,0.053,68.9
893675,2,0,0,40,0,0,0.0,20.0
894456,1,0,0,28,0,0,0.0,28.0
894914,31,4,3,2040,0,0,0.129,65.8
895326,32,3,1,1468,4,0,0.094,45.9
895331,1,0,0,1,0,0,0.0,1.0
895591,1,0,0,1,0,0,0.0,1.0
895937,37,1,4,3085,3,0,0.027,83.4
897423,2,0,0,5,0,0,0.0,2.5
897424,19,4,3,955,0,0,0.211,50.3
897505,3,0,0,37,0,0,0.0,12.3
897651,1,0,0,5,0,0,0.0,5.0
898352,11,0,0,374,3,0,0.0,34.0
900195,26,1,2,1038,1,0,0.038,39.9
900601,2,0,0,7,0,0,0.0,3.5
901019,25,1,2,991,5,0,0.04,39.6
903359,11,1,1,272,0,0,0.091,24.7
903611,8,0,0,406,1,0,0.0,50.8
903666,18,3,1,559,1,0,0.167,31.1
903693,26,4,4,1682,2,0,0.154,64.7
904662,32,2,1,1905,2,0,0.062,59.5
904723,3,0,0,31,1,0,0.0,10.3
904802,22,0,0,1143,7,0,0.0,52.0
905011,28,3,5,1854,2,0,0.107,66.2
905997,30,2,2,1425,1,0,0.067,47.5
906160,8,0,0,422,2,0,0.0,52.8
907559,20,0,0,735,3,0,0.0,36.8
907813,34,0,1,1494,2,0,0.0,43.9
909758,11,0,0,171,0,0,0.0,15.5
910541,16,1,1,440,0,0,0.062,27.5
910905,18,0,0,1406,3,0,0.0,78.1
911328,27,0,2,1550,3,0,0.0,57.4
911424,1,0,0,2,0,0,0.0,2.0
912392,10,1,0,399,1,0,0.1,39.9
912902,33,0,0,2940,3,0,0.0,89.1
914269,1,0,0,1,0,0,0.0,1.0
914562,23,7,6,1356,0,0,0.304,59.0
914934,28,2,0,1514,2,0,0.071,54.1
916430,9,0,0,810,1,0,0.0,90.0
917778,27,5,1,1195,2,0,0.185,44.3
918414,7,0,0,127,1,0,0.0,18.1
918969,24,3,4,1851,6,0,0.125,77.1
919515,22,0,1,1543,3,0,0.0,70.1
920470,8,0,1,353,1,0,0.0,44.1
920939,1,0,0,18,0,0,0.0,18.0
921345,7,0,0,87,0,0,0.0,12.4
921431,6,1,0,89,1,0,0.167,14.8
921655,35,6,0,2757,3,0,0.171,78.8
922563,13,0,1,660,2,0,0.0,50.8
922693,24,2,2,1480,5,0,0.083,61.7
922769,23,1,4,1494,0,0,0.043,65.0
923595,22,2,0,401,2,0,0.091,18.2
923831,32,0,2,1739,1,0,0.0,54.3
923945,23,1,1,1727,8,0,0.043,75.1
924117,23,0,1,1506,3,0,0.0,65.5
924610,1,0,0,90,0,0,0.0,90.0
924800,1,0,0,11,0,0,0.0,11.0
924857,24,0,2,991,4,0,0.0,41.3
925838,7,0,0,456,3,0,0.0,65.1
926309,3,0,0,40,0,0,0.0,13.3
926694,20,0,1,823,1,0,0.0,41.2
926952,26,4,4,1445,5,0,0.154,55.6
926978,24,0,0,1798,2,0,0.0,74.9
927353,27,5,5,2096,4,0,0.185,77.6
927768,20,0,0,1406,1,0,0.0,70.3
928037,6,0,0,75,0,0,0.0,12.5
928323,2,0,0,33,0,0,0.0,16.5
929899,27,0,0,1710,2,0,0.0,63.3
930781,35,7,4,1560,1,0,0.2,44.6
930998,1,0,0,1,0,0,0.0,1.0
931160,24,0,0,982,3,0,0.0,40.9
931838,25,2,2,1820,0,0,0.08,72.8
932187,29,0,2,2097,5,0,0.0,72.3
933017,3,0,0,166,0,0,0.0,55.3
933018,6,0,0,56,1,0,0.0,9.3
933900,25,2,2,1041,2,0,0.08,41.6
933908,13,0,0,582,1,0,0.0,44.8
934514,2,0,0,106,0,0,0.0,53.0
934527,15,1,1,289,2,0,0.067,19.3
934878,30,3,0,944,3,0,0.1,31.5
935230,30,6,1,952,2,0,0.2,31.7
935231,34,6,2,2670,3,0,0.176,78.5
935232,9,0,0,115,0,0,0.0,12.8
935245,23,2,0,1708,4,0,0.087,74.3
935281,2,0,0,77,0,0,0.0,38.5
935760,12,1,1,430,1,0,0.083,35.8
936739,1,0,0,9,0,0,0.0,9.0
936874,15,0,0,353,2,0,0.0,23.5
937941,38,8,0,1915,3,0,0.211,50.4
937945,1,0,0,17,0,0,0.0,17.0
937955,14,2,2,482,0,0,0.143,34.4
937958,28,16,12,2270,1,0,0.571,81.1
938156,2,0,0,9,0,0,0.0,4.5
938158,10,0,1,266,1,0,0.0,26.6
938729,36,2,0,2843,5,0,0.056,79.0
939374,12,0,0,940,4,0,0.0,78.3
939964,27,3,4,1330,2,0,0.111,49.3
940464,1,0,0,6,0,0,0.0,6.0
941869,2,0,0,5,0,0,0.0,2.5
942497,11,0,0,864,2,0,0.0,78.5
943795,13,3,1,483,2,0,0.231,37.2
944331,10,0,0,187,0,0,0.0,18.7
944355,6,0,0,259,0,0,0.0,43.2
944570,10,1,0,163,0,0,0.1,16.3
944724,13,0,0,968,4,0,0.0,74.5
945500,2,0,0,134,0,0,0.0,67.0
945753,4,0,1,311,2,0,0.0,77.8
945760,1,0,0,1,0,0,0.0,1.0
945763,1,0,0,90,0,0,0.0,90.0
945767,1,0,0,10,0,0,0.0,10.0
947360,15,0,3,970,3,0,0.0,64.7
947411,18,1,1,766,1,0,0.056,42.6
947431,14,0,0,833,2,0,0.0,59.5
948272,5,0,0,81,0,0,0.0,16.2
948273,35,2,1,2135,11,0,0.057,61.0
948275,34,7,5,2201,2,0,0.206,64.7
948278,32,2,0,2743,11,0,0.062,85.7
948279,25,3,1,1306,5,0,0.12,52.2
948294,35,12,7,2886,5,0,0.343,82.5
949113,15,1,2,1187,2,0,0.067,79.1
950091,9,1,1,132,0,0,0.111,14.7
950593,2,0,0,26,0,0,0.0,13.0
951579,25,0,5,1873,3,0,0.0,74.9
952282,27,4,8,1719,3,0,0.148,63.7
952779,8,0,0,88,0,0,0.0,11.0
953135,2,0,0,58,0,0,0.0,29.0
953901,28,1,2,2384,9,0,0.036,85.1
954105,1,0,0,8,0,0,0.0,8.0
954688,1,0,0,7,0,0,0.0,7.0
955070,3,0,0,32,0,0,0.0,10.7
955281,26,0,0,1734,0,0,0.0,66.7
955354,3,0,0,31,0,0,0.0,10.3
955357,33,13,0,1683,5,0,0.394,51.0
955358,1,0,0,7,0,0,0.0,7.0
955359,4,0,0,97,0,0,0.0,24.2
955448,18,1,0,337,1,0,0.056,18.7
957822,3,0,0,70,0,0,0.0,23.3
957874,30,9,4,2209,3,0,0.3,73.6
960571,22,2,0,668,0,0,0.091,30.4
961022,15,0,3,542,1,0,0.0,36.1
961087,15,0,0,378,1,0,0.0,25.2
961297,24,1,1,1232,6,0,0.042,51.3
962110,31,1,0,2706,3,0,0.032,87.3
962124,2,0,1,45,0,0,0.0,22.5
962125,12,0,0,541,3,0,0.0,45.1
962145,1,0,0,1,0,0,0.0,1.0
962555,3,0,0,65,0,0,0.0,21.7
964190,2,0,0,94,0,0,0.0,47.0
964580,30,5,1,2458,5,0,0.167,81.9
967319,4,0,0,40,0,0,0.0,10.0
967346,20,2,0,756,0,0,0.1,37.8
969192,24,0,1,1446,2,0,0.0,60.2
969447,30,1,2,1361,3,0,0.033,45.4
970279,32,0,0,2240,3,0,0.0,70.0
971570,17,5,7,1235,3,0,0.294,72.6
971663,7,0,1,32,0,0,0.0,4.6
972465,27,2,2,892,1,0,0.074,33.0
972475,1,0,0,7,0,0,0.0,7.0
973085,31,0,0,1662,5,0,0.0,53.6
973949,29,1,0,2172,8,0,0.034,74.9
974251,5,0,0,39,0,0,0.0,7.8
974581,2,0,0,74,0,0,0.0,37.0
975347,18,0,2,815,2,0,0.0,45.3
976446,1,0,0,45,0,0,0.0,45.0
977464,20,1,3,1132,3,0,0.05,56.6
978668,1,0,0,1,0,0,0.0,1.0
979324,2,0,0,36,1,0,0.0,18.0
979551,28,1,0,1048,6,0,0.036,37.4
979761,2,0,0,180,0,0,0.0,90.0
980575,15,0,0,840,1,0,0.0,56.0
982097,1,0,0,1,0,0,0.0,1.0
982267,19,1,0,895,3,0,0.053,47.1
982855,13,0,2,605,1,0,0.0,46.5
983989,4,0,0,81,1,0,0.0,20.2
984096,9,0,0,516,0,0,0.0,57.3
984373,1,0,0,90,1,0,0.0,90.0
984964,16,0,0,530,0,0,0.0,33.1
985383,28,1,0,1875,5,0,0.036,67.0
985546,1,0,0,14,0,0,0.0,14.0
985806,9,0,0,340,0,0,0.0,37.8
986285,8,1,0,90,0,0,0.125,11.2
986288,19,4,0,1164,3,0,0.211,61.3
986291,19,0,4,753,2,0,0.0,39.6
986310,1,0,0,7,0,0,0.0,7.0
988275,1,0,0,90,0,0,0.0,90.0
988987,1,0,0,16,0,0,0.0,16.0
989112,7,0,0,367,0,0,0.0,52.4
989574,28,4,6,1303,4,0,0.143,46.5
989621,15,0,1,752,4,0,0.0,50.1
990637,27,2,2,823,3,0,0.074,30.5
990732,1,0,0,52,0,0,0.0,52.0
991054,24,0,1,1966,3,0,0.0,81.9
991459,3,0,0,68,0,0,0.0,22.7
991487,28,2,1,1764,2,0,0.071,63.0
991744,1,0,1,9,0,0,0.0,9.0
991800,5,0,0,121,0,0,0.0,24.2
992569,4,0,0,352,0,0,0.0,88.0
992686,28,10,2,1587,2,0,0.357,56.7
994536,23,1,1,748,4,0,0.043,32.5
996897,32,5,1,2139,9,0,0.156,66.8
997478,1,0,0,6,0,0,0.0,6.0
997861,13,0,0,1085,0,0,0.0,83.5
998101,9,0,0,137,1,0,0.0,15.2
999127,8,0,0,129,0,0,0.0,16.1
999743,1,0,0,1,0,0,0.0,1.0
1000135,2,0,0,20,0,0,0.0,10.0
1000675,6,0,0,121,0,0,0.0,20.2
1004301,19,0,0,1673,4,0,0.0,88.1
1004344,2,0,0,19,0,0,0.0,9.5
1004479,1,0,0,9,0,0,0.0,9.0
1004486,11,0,0,290,1,0,0.0,26.4
1004619,27,1,0,1251,4,0,0.037,46.3
1004708,17,1,0,663,1,0,0.059,39.0
1004834,15,2,0,376,0,0,0.133,25.1
1005165,33,3,6,1872,2,0,0.091,56.7
1005240,18,0,0,1191,4,0,0.0,66.2
1005575,36,1,1,3138,9,0,0.028,87.2
1005583,3,0,0,47,0,0,0.0,15.7
1005649,25,1,0,2133,5,0,0.04,85.3
1006411,22,0,0,1514,4,0,0.0,68.8
1007378,5,0,0,84,0,0,0.0,16.8
1008570,2,0,0,25,0,0,0.0,12.5
1009030,9,1,0,113,0,0,0.111,12.6
1009440,7,0,0,246,0,0,0.0,35.1
1009441,9,0,0,108,0,0,0.0,12.0
1009596,20,0,1,1560,4,0,0.0,78.0
1009658,3,0,0,34,0,0,0.0,11.3
1009765,3,0,0,47,0,0,0.0,15.7
1010854,12,0,0,406,1,0,0.0,33.8
1010856,3,0,0,23,0,0,0.0,7.7
1011131,32,1,2,1304,4,0,0.031,40.8
1011140,3,0,0,107,0,0,0.0,35.7
1011200,20,1,1,1642,2,0,0.05,82.1
1011936,1,0,0,1,0,0,0.0,1.0
1012534,34,3,4,2401,3,0,0.088,70.6
1012564,15,5,2,1120,1,0,0.333,74.7
1012731,6,0,0,208,0,0,0.0,34.7
1013810,1,0,0,26,0,0,0.0,26.0
1016015,30,1,0,1540,3,0,0.033,51.3
1018259,28,7,3,2038,4,0,0.25,72.8
1018395,1,0,0,8,0,0,0.0,8.0
1018912,4,0,0,164,0,0,0.0,41.0
1018920,22,2,1,787,4,0,0.091,35.8
1018938,25,2,0,2250,6,0,0.08,90.0
1020191,23,3,0,2014,2,0,0.13,87.6
1023191,2,0,0,25,0,0,0.0,12.5
1025582,2,0,0,16,1,0,0.0,8.0
1030153,1,0,0,15,0,0,0.0,15.0
1032280,21,2,3,1409,0,0,0.095,67.1
1032683,2,0,0,4,0,0,0.0,2.0
1033005,14,0,0,339,1,0,0.0,24.2
1034853,24,2,0,1804,7,0,0.083,75.2
1035156,1,0,0,9,0,0,0.0,9.0
1035765,33,5,3,1903,1,0,0.152,57.7
1038133,1,0,0,13,0,0,0.0,13.0
1038308,14,0,0,746,2,0,0.0,53.3
1038512,17,1,0,333,1,0,0.059,19.6
1038950,33,7,4,1668,3,0,0.212,50.5
1041614,2,0,0,180,0,0,0.0,90.0
1042472,8,1,0,197,0,0,0.125,24.6
1043646,28,1,0,1085,3,0,0.036,38.8
1045123,6,0,0,21,0,0,0.0,3.5
1045446,2,0,0,5,0,0,0.0,2.5
1045986,2,0,0,36,0,0,0.0,18.0
1046867,18,0,0,507,3,0,0.0,28.2
1047257,1,0,0,90,0,0,0.0,90.0
1047280,2,0,0,25,0,0,0.0,12.5
1049911,2,0,0,17,0,0,0.0,8.5
1052420,4,0,0,135,1,0,0.0,33.8
1052439,15,1,0,420,0,0,0.067,28.0
1053208,10,1,1,354,1,0,0.1,35.4
1054934,10,1,0,281,2,0,0.1,28.1
1055860,1,0,0,1,0,0,0.0,1.0
1056970,1,0,0,33,0,0,0.0,33.0
1056993,22,2,2,846,4,0,0.091,38.5
1057316,23,1,0,1037,5,0,0.043,45.1
1057563,4,0,0,228,0,0,0.0,57.0
1057574,1,0,0,2,0,0,0.0,2.0
1058354,5,0,0,115,0,0,0.0,23.0
1058359,7,1,0,383,2,0,0.143,54.7
1058368,21,1,0,679,1,0,0.048,32.3
1058514,12,1,0,740,0,0,0.083,61.7
1058520,10,0,0,288,0,0,0.0,28.8
1060087,21,2,1,353,2,0,0.095,16.8
1061122,28,3,1,1712,3,0,0.107,61.1
1061282,17,2,1,1084,2,0,0.118,63.8
1061336,23,0,0,1924,4,0,0.0,83.7
1061820,12,0,0,236,0,0,0.0,19.7
1063329,6,0,0,83,0,0,0.0,13.8
1063333,5,0,0,364,1,0,0.0,72.8
1063338,25,11,0,1339,3,0,0.44,53.6
1063340,21,0,1,1143,3,0,0.0,54.4
1063553,1,0,0,15,0,0,0.0,15.0
1063574,2,0,0,15,0,0,0.0,7.5
1063598,3,0,0,59,1,0,0.0,19.7
1064105,4,0,0,58,0,0,0.0,14.5
1064471,26,1,2,1405,4,0,0.038,54.0
1064506,7,1,0,98,0,0,0.143,14.0
1064538,2,0,0,125,0,0,0.0,62.5
1064871,27,16,1,2196,3,0,0.593,81.3
1065227,3,1,0,12,0,0,0.333,4.0
1065442,6,0,0,186,0,0,0.0,31.0
1065832,1,0,0,45,0,0,0.0,45.0
1066134,1,0,0,21,0,0,0.0,21.0
1066206,1,0,0,45,0,0,0.0,45.0
1067168,3,0,0,93,0,0,0.0,31.0
1067904,30,5,12,2326,2,0,0.167,77.5
1068110,4,0,0,49,0,0,0.0,12.2
1069512,8,0,0,53,1,0,0.0,6.6
1070591,1,0,0,2,0,0,0.0,2.0
1070979,15,2,1,549,1,0,0.133,36.6
1071596,16,1,0,771,0,0,0.062,48.2
1071818,1,0,0,13,0,0,0.0,13.0
1071956,9,0,0,383,0,0,0.0,42.6
1073176,2,0,0,180,1,0,0.0,90.0
1073748,15,1,1,1060,3,0,0.067,70.7
1074628,31,2,1,2115,3,0,0.065,68.2
1074990,8,1,0,513,2,0,0.125,64.1
1075147,26,5,6,1282,1,0,0.192,49.3
1075575,18,0,0,362,0,0,0.0,20.1
1075583,9,1,0,441,0,0,0.111,49.0
1076815,33,0,1,2561,5,0,0.0,77.6
1077175,22,0,0,1375,2,0,0.0,62.5
1077670,6,0,0,221,1,0,0.0,36.8
1077674,1,0,0,7,0,0,0.0,7.0
1078163,17,0,1,923,2,0,0.0,54.3
1078326,15,0,0,339,0,0,0.0,22.6
1081496,7,0,0,84,0,0,0.0,12.0
1081907,1,0,0,5,0,0,0.0,5.0
1081995,11,0,0,66,2,0,0.0,6.0
1082581,3,0,1,127,0,0,0.0,42.3
1082774,11,0,0,554,1,0,0.0,50.4
1083069,3,0,0,37,0,0,0.0,12.3
1084539,4,0,0,27,0,0,0.0,6.8
1084638,27,1,0,2122,3,0,0.037,78.6
1085591,1,0,0,15,0,0,0.0,15.0
1086258,4,0,0,144,1,0,0.0,36.0
1088110,10,0,0,95,0,0,0.0,9.5
1088199,31,2,8,2612,4,0,0.065,84.3
1089202,2,0,0,146,1,0,0.0,73.0
1089770,1,0,0,1,0,0,0.0,1.0
1091353,4,0,0,315,0,0,0.0,78.8
1091562,4,0,1,38,0,0,0.0,9.5
1096744,22,1,0,505,1,0,0.045,23.0
1097113,13,1,0,528,1,0,0.077,40.6
1097139,30,0,1,2328,7,0,0.0,77.6
1099860,2,0,0,30,1,0,0.0,15.0
1099924,8,1,0,83,0,0,0.125,10.4
1101356,1,0,0,18,0,0,0.0,18.0
1101641,7,0,0,304,0,0,0.0,43.4
1103652,9,0,0,541,1,0,0.0,60.1
1103958,29,5,0,1266,0,0,0.172,43.7
1104206,2,0,0,31,0,0,0.0,15.5
1105810,2,0,0,93,0,0,0.0,46.5
1105948,1,0,0,8,0,0,0.0,8.0
1106860,1,0,0,9,0,0,0.0,9.0
1107726,6,0,0,113,0,0,0.0,18.8
1107733,13,0,0,528,0,0,0.0,40.6
1108466,19,2,1,551,0,0,0.105,29.0
1110406,14,0,2,623,0,0,0.0,44.5
1111589,32,0,5,2711,6,0,0.0,84.7
1111776,16,1,2,536,2,0,0.062,33.5
1111777,23,2,1,1941,5,0,0.087,84.4
1111820,1,0,0,1,0,0,0.0,1.0
1111831,1,0,0,14,0,0,0.0,14.0
1112449,37,2,0,3220,7,0,0.054,87.0
1113451,29,1,0,2429,4,0,0.034,83.8
1114155,15,1,0,341,1,0,0.067,22.7
1114187,1,0,0,22,1,0,0.0,22.0
1117771,2,0,0,48,1,0,0.0,24.0
1118201,3,0,0,70,0,0,0.0,23.3
1118293,7,0,0,97,0,0,0.0,13.9
1118347,10,0,0,183,0,0,0.0,18.3
1118495,2,0,0,27,0,0,0.0,13.5
1119391,4,0,0,77,0,0,0.0,19.2
1119453,20,2,1,819,2,0,0.1,41.0
1119456,23,1,1,1444,2,0,0.043,62.8
1119880,7,0,0,103,0,0,0.0,14.7
1119881,14,0,0,380,2,0,0.0,27.1
1121298,26,0,0,1954,7,0,0.0,75.2
1124005,17,1,2,429,1,0,0.059,25.2
1124136,16,1,3,1291,4,0,0.062,80.7
1125079,2,0,0,14,0,0,0.0,7.0
1127730,16,0,4,822,4,0,0.0,51.4
1129198,6,0,0,488,2,0,0.0,81.3
1130514,33,1,3,2137,4,0,0.03,64.8
1131159,1,0,0,8,0,0,0.0,8.0
1131161,26,5,2,578,2,0,0.192,22.2
1133733,3,0,1,155,2,0,0.0,51.7
1133929,15,2,1,323,2,0,0.133,21.5
1134110,1,0,0,90,0,0,0.0,90.0
1134250,1,0,0,1,0,0,0.0,1.0
1134251,20,2,1,1402,3,0,0.1,70.1
1134304,4,0,0,266,0,0,0.0,66.5
1135611,1,0,0,45,0,0,0.0,45.0
1141560,17,3,2,530,0,0,0.176,31.2
1144121,1,0,0,10,0,0,0.0,10.0
1144627,12,1,0,313,3,0,0.083,26.1
1144700,28,0,0,2256,8,0,0.0,80.6
1144999,9,0,0,285,0,0,0.0,31.7
1145064,10,0,0,343,3,0,0.0,34.3
1145504,9,1,0,383,0,0,0.111,42.6
1150105,5,0,0,69,0,0,0.0,13.8
1151929,12,0,2,510,0,0,0.0,42.5
1153105,6,0,0,42,0,0,0.0,7.0
1153628,4,0,0,45,0,0,0.0,11.2
1153630,1,0,0,1,0,0,0.0,1.0
1155608,10,0,0,162,0,0,0.0,16.2
1159022,3,0,0,199,1,0,0.0,66.3
1159439,1,0,0,6,0,0,0.0,6.0
1159864,21,1,0,1628,5,0,0.048,77.5
1160814,25,5,1,785,0,0,0.2,31.4
1162654,5,1,0,99,0,0,0.2,19.8
1162968,1,0,0,5,0,0,0.0,5.0
1164331,4,0,1,120,2,0,0.0,30.0
1164662,3,0,0,20,0,0,0.0,6.7
1166473,6,0,0,373,0,0,0.0,62.2
1168219,34,13,5,1958,4,0,0.382,57.6
1169436,2,0,0,137,0,0,0.0,68.5
1170001,1,0,0,2,0,0,0.0,2.0
1170286,14,0,1,192,0,0,0.0,13.7
1170313,2,0,0,2,0,0,0.0,1.0
1170718,4,0,0,55,1,0,0.0,13.8
1173050,1,0,0,1,0,0,0.0,1.0
1173868,1,0,0,1,0,0,0.0,1.0
1174032,2,0,0,8,0,0,0.0,4.0
1175410,1,0,0,32,0,0,0.0,32.0
1176215,11,0,0,241,0,0,0.0,21.9
1176271,1,0,0,6,0,0,0.0,6.0
1176345,19,0,0,798,2,0,0.0,42.0
1178488,22,1,0,536,2,0,0.045,24.4
1178489,30,0,1,1602,5,0,0.0,53.4
1178695,9,1,0,373,1,0,0.111,41.4
1179482,1,1,0,27,0,0,1.0,27.0
1182738,17,0,0,1446,8,0,0.0,85.1
1184007,10,1,1,178,0,0,0.1,17.8
1184986,5,0,0,62,1,0,0.0,12.4
1185887,1,0,0,10,0,0,0.0,10.0
1185888,24,3,2,998,0,0,0.125,41.6
1185913,1,0,0,15,0,0,0.0,15.0
1186235,2,0,0,12,0,0,0.0,6.0
1186244,1,0,1,5,0,0,0.0,5.0
1186245,1,0,0,78,0,0,0.0,78.0
1186789,4,0,1,189,1,0,0.0,47.2
1187629,6,1,1,153,0,0,0.167,25.5
1187942,22,0,1,1139,2,0,0.0,51.8
1189317,1,0,0,90,0,0,0.0,90.0
1190411,31,2,9,1735,3,0,0.065,56.0
1191068,1,0,0,13,0,0,0.0,13.0
1191069,4,0,0,29,0,0,0.0,7.2
1191444,27,2,2,1884,9,0,0.074,69.8
1191473,3,0,0,137,0,0,0.0,45.7
1191520,3,0,0,181,0,0,0.0,60.3
1193849,1,0,0,2,0,0,0.0,2.0
1193867,9,0,0,259,0,0,0.0,28.8
1196272,1,0,0,1,0,0,0.0,1.0
1200289,17,0,0,329,0,0,0.0,19.4
1200417,3,0,0,26,0,0,0.0,8.7
1200423,6,1,0,129,0,0,0.167,21.5
1200427,23,1,1,1093,5,0,0.043,47.5
1201529,1,0,0,1,0,0,0.0,1.0
1202361,1,0,0,16,0,0,0.0,16.0
1204163,1,0,0,1,0,0,0.0,1.0
1206824,3,0,0,42,0,0,0.0,14.0
1208520,1,0,0,29,0,0,0.0,29.0
1208968,2,0,0,11,0,0,0.0,5.5
1209287,2,0,0,21,0,0,0.0,10.5
1210116,1,0,0,11,0,0,0.0,11.0
1213681,11,0,1,320,0,0,0.0,29.1
1226357,5,0,0,157,0,0,0.0,31.4
1227106,6,0,0,41,0,0,0.0,6.8
1228231,17,1,0,1314,3,0,0.059,77.3
1228317,8,1,0,498,0,0,0.125,62.2
1230661,27,3,2,1790,0,0,0.111,66.3
1232057,12,0,0,471,2,0,0.0,39.2
1234988,13,2,0,184,0,0,0.154,14.2
1237907,2,0,0,10,0,0,0.0,5.0
1241207,20,0,0,1724,5,0,0.0,86.2
1241211,27,2,0,1352,4,0,0.074,50.1
1249340,1,0,0,24,0,0,0.0,24.0
1250522,5,0,0,169,2,0,0.0,33.8
1251220,2,0,0,21,0,0,0.0,10.5
1254786,4,0,0,93,0,0,0.0,23.2
1259870,1,0,0,1,0,0,0.0,1.0
1262768,1,0,0,57,0,0,0.0,57.0
1262787,1,0,0,7,0,0,0.0,7.0
1268764,14,0,0,698,2,0,0.0,49.9
1275040,2,0,0,6,0,0,0.0,3.0
1280281,20,3,1,319,4,0,0.15,16.0
1291929,1,0,0,1,0,0,0.0,1.0
1293040,2,0,0,62,0,0,0.0,31.0
1294853,1,0,0,1,0,0,0.0,1.0
1296876,7,0,1,211,0,0,0.0,30.1
1297673,11,0,0,428,1,0,0.0,38.9
1297674,1,1,0,11,0,0,1.0,11.0
1300966,7,0,0,162,2,0,0.0,23.1
1301102,4,0,0,24,0,0,0.0,6.0
1301775,31,2,6,1796,0,0,0.065,57.9
1306455,1,0,0,38,0,0,0.0,38.0
1306999,4,1,0,85,0,0,0.25,21.2
1307004,13,2,2,435,0,0,0.154,33.5
1307109,1,0,0,1,0,0,0.0,1.0
1309324,5,0,1,43,0,0,0.0,8.6
1312698,7,0,1,193,0,0,0.0,27.6
1314562,2,0,0,59,0,0,0.0,29.5
1314671,6,0,0,133,1,0,0.0,22.2
1315458,6,0,0,227,0,0,0.0,37.8
1318474,3,0,0,16,0,0,0.0,5.3
1322090,1,0,0,39,0,0,0.0,39.0
1330946,1,0,0,3,0,0,0.0,3.0
1331450,2,0,0,55,0,0,0.0,27.5
1348941,2,0,0,7,0,0,0.0,3.5
1352339,2,0,0,33,0,0,0.0,16.5
1353609,1,0,0,1,0,0,0.0,1.0
1354775,1,0,0,5,0,0,0.0,5.0
1364454,29,5,5,1235,3,0,0.172,42.6
1367596,2,0,0,2,0,0,0.0,1.0
1370903,1,0,0,16,0,0,0.0,16.0
1371793,9,2,0,330,1,0,0.222,36.7
1371830,3,0,0,147,1,0,0.0,49.0
1375227,10,0,2,597,2,0,0.0,59.7
1378338,1,0,0,6,1,0,0.0,6.0
1380977,1,0,0,3,0,0,0.0,3.0
1382453,1,0,0,4,0,0,0.0,4.0
1384911,3,0,0,11,0,0,0.0,3.7
1385195,2,0,0,49,0,0,0.0,24.5
1385448,2,0,0,50,0,0,0.0,25.0
1390649,33,12,9,2483,2,0,0.364,75.2
1393997,2,0,0,41,0,0,0.0,20.5
1453065,2,1,0,48,0,0,0.5,24.0
1453066,5,0,0,78,1,0,0.0,15.6
1487239,1,0,0,90,0,0,0.0,90.0
1497653,4,0,0,142,0,0,0.0,35.5
